Game Name Rat,Critic,User,Rating
Kinect Adventures!,6.1,6.3,E
Grand Theft Auto V,9.7,8.2,M
Grand Theft Auto V,9.7,8.1,M
Call of Duty: Modern Warfare 3,8.8,3.4,M
Call of Duty: Black Ops,8.7,6.3,M
Call of Duty: Black Ops II,8.3,5.3,M
Call of Duty: Black Ops II,8.3,4.8,M
Call of Duty: Modern Warfare 3,8.8,3.2,M
Mario Kart 7,8.5,8.2,E
Call of Duty: Black Ops,8.8,6.4,M
Grand Theft Auto V,9.7,8.3,M
Super Mario 3D Land,9,8.4,E
Gran Turismo 5,8.4,7.5,E
Call of Duty: Ghosts,7.3,2.6,M
Just Dance 3,7.4,7.8,E10+
New Super Mario Bros. 2,7.8,7.2,E
Halo: Reach,9.1,7.9,M
Halo 4,8.7,7,M
Just Dance 2,7.4,7.3,E10+
Call of Duty: Ghosts,7.1,2.6,M
Animal Crossing: New Leaf,8.8,8.7,E
The Elder Scrolls V: Skyrim,9.6,8.4,M
FIFA 16,8.2,4.3,E
Wii Party,6.8,7.4,E
FIFA Soccer 13,8.8,6.6,E
Call of Duty: Advanced Warfare,8.3,5.7,M
FIFA 17,8.5,5,E
Super Mario Galaxy 2,9.7,9.1,E
Battlefield 3,8.4,7.4,M
Battlefield 3,8.5,7.5,M
Fallout 4,8.7,6.5,M
Mario Kart 8,8.8,9.1,E
Just Dance 4,7.4,7.3,E10+
Uncharted 3: Drake's Deception,9.2,8.3,T
Red Dead Redemption,9.5,8.8,M
FIFA 14,8.6,4.3,E
Assassin's Creed III,8.5,6.9,M
Donkey Kong Country Returns,8.7,8.6,E
The Elder Scrolls V: Skyrim,9.2,6.4,M
Red Dead Redemption,9.5,9,M
Gears of War 3,9.1,7.8,M
Kinect Sports,7.3,7.4,E10+
FIFA 15,8.2,5.7,E
The Last of Us,9.5,9.1,M
Destiny,7.6,6.1,T
Batman: Arkham City,9.6,8.6,T
Grand Theft Auto V,9.7,7.9,M
Uncharted 4: A Thief's End,9.3,7.9,T
Assassin's Creed III,8.4,6.7,M
Call of Duty: Advanced Warfare,8.1,5.4,M
New Super Mario Bros. U,8.4,8.1,E
FIFA Soccer 13,9,6.1,E
Diablo III,8.8,4,M
Fable III,8,6.5,M
FIFA Soccer 11,8.9,8,E
StarCraft II: Wings of Liberty,9.3,8.2,T
God of War III,9.2,8.7,M
Batman: Arkham City,9.4,8.7,T
Uncharted: The Nathan Drake Collection,8.6,8.1,T
Luigi's Mansion: Dark Moon,8.6,8.4,E
Forza Motorsport 4,9.1,8.2,E
Halo 5: Guardians,8.4,6.4,T
Call of Duty: Infinite Warfare,7.7,3.4,M
Splatoon,8.1,8.5,E10+
Nintendo Land,7.7,7.9,E10+
Michael Jackson: The Experience,5.6,8.3,E10+
Super Mario 3D World,9.3,9,E
Assassin's Creed: Revelations,8,7.5,M
Fallout 4,8.8,6.2,M
FIFA 14,8.4,4.2,E
Assassin's Creed: Revelations,8,7.2,M
Battlefield 1,8.8,8.4,M
Fallout: New Vegas,8.4,8.1,M
Watch Dogs,8,6.3,M
Far Cry 4,8.5,7.7,M
The Witcher 3: Wild Hunt,9.2,9.2,M
Assassin's Creed: Unity,7,4.9,M
Batman: Arkham Knight,8.7,7.6,M
The Legend of Zelda: Skyward Sword,9.3,8,E10+
Monster Hunter 4 Ultimate,8.6,8.7,T
The Elder Scrolls V: Skyrim,9.4,8.1,M
NBA 2K16,8.7,6.7,E10+
Sports Champions,7.6,7.9,E10+
Call of Duty: Ghosts,7.8,3.7,M
Tom Clancy's The Division,8,7,M
Assassin's Creed IV: Black Flag,8.8,8.1,M
Battlefield 4,8.5,6.9,M
FIFA Soccer 11,8.8,7.5,E
Assassin's Creed: Unity,7.2,4.1,M
Assassin's Creed: Brotherhood,8.9,8.3,M
Battlefield 4,8,5.8,M
Battlefield 4,7.9,5.6,M
Battlefield: Bad Company 2,8.8,8.6,M
Metal Gear Solid V: The Phantom Pain,9.3,8.2,M
LittleBigPlanet 2,9.1,8.4,E
Assassin's Creed Syndicate,7.6,6.8,M
Destiny,7.5,5.5,T
Far Cry 3,9,8.5,M
Assassin's Creed IV: Black Flag,8.6,7.9,M
Gears of War: Ultimate Edition,8.2,7.5,M
FIFA 16,8.4,4.4,E
Madden NFL 16,8.3,5.9,E
Gran Turismo 6,8.1,7.7,E
Halo: The Master Chief Collection,8.5,7.2,M
Super Mario Maker,8.8,8.7,E
Dance Central,8.2,7.6,T
L.A. Noire,8.9,7.7,M
Mario Party 9,7.3,6.8,E
Fallout: New Vegas,8.2,7.8,M
The Legend of Zelda: A Link Between Worlds,9.1,8.9,E
Resident Evil 6,7.4,5.4,M
Mass Effect 2,9.6,8.9,M
Animal Crossing: Happy Home Designer,6.6,6.9,E
The Sims 4,7,3.9,T
Borderlands 2,8.9,8.2,M
Mass Effect 3,9.3,5.8,M
Heavy Rain,8.7,7.7,M
FIFA 14,8.7,6.3,E
Far Cry 3,9.1,8.6,M
Epic Mickey,7.3,7,E
NBA 2K13,8.8,7.2,E
Star Wars: The Old Republic,8.5,5.9,T
Middle-Earth: Shadow of Mordor,8.4,8.1,M
Titanfall,8.6,6.4,M
Battlefield: Bad Company 2,8.8,8.5,M
Call of Duty: Ghosts,7.8,4.3,M
Madden NFL 13,8.1,5.8,E
Assassin's Creed IV: Black Flag,8.3,7.8,M
Mortal Kombat,8.4,8.4,M
Assassin's Creed: Brotherhood,9,8.2,M
Medal of Honor,7.5,7.5,M
inFAMOUS: Second Son,8,7.9,T
Need for Speed: Hot Pursuit,8.9,7.2,E10+
Skylanders: Spyro's Adventure,8.1,5.6,E10+
Battlefield 3,8.9,7.5,M
Mortal Kombat X,8.3,7.7,M
Killzone 3,8.4,7.9,M
Saints Row: The Third,8.4,7.6,M
L.A. Noire,8.9,7.8,M
Madden NFL 12,7.8,5.9,E
Killzone: Shadow Fall,7.3,6.8,M
Madden NFL 11,8.4,5.7,E
Mario vs. Donkey Kong: Mini-Land Mayhem!,7.9,7.7,E
FIFA 17,8.4,5.5,E
Final Fantasy XIII-2,7.9,6.6,T
Skate 3,8,8,T
NBA 2K12,9,7.7,E
Medal of Honor,7.4,6.7,M
Madden NFL 13,8.3,5.5,E
Art Academy,7.5,8,E
NBA 2K14,8.7,4.9,E
Skylanders Giants,7.8,7,E10+
Bloodborne,9.2,8.6,M
NBA 2K13,9,8,E
Saints Row: The Third,8.2,7.7,M
NBA 2K15,8.3,7,E
LEGO Harry Potter: Years 1-4,7.9,8,E10+
Call of Duty: Infinite Warfare,7.8,3.1,M
Madden NFL 16,8.4,6.1,E
pro evolution soccer 2011,7.7,6.8,E
Halo: Combat Evolved Anniversary,8.2,8.1,M
Madden NFL 11,8.3,6.1,E
Dead Island,7.1,6.9,M
Zumba Fitness,4.2,5.5,E
Kinect: Disneyland Adventures,7.3,2.9,E10+
The Legend of Zelda: Majora's Mask 3D,8.9,9,E10+
NBA 2K16,8.6,6.2,E10+
Kinect Sports: Season Two,6.6,6.5,E
Guild Wars 2,9,7.9,T
Paper Mario: Sticker Star,7.5,5.6,E
Batman: Arkham Origins,7.6,7.7,T
LEGO Harry Potter: Years 1-4,7.2,7.2,E10+
The Sims 3,7.6,7.1,T
Dead Island,7.1,6.6,M
Far Cry: Primal,7.6,6.3,M
Battlefield 1,8.7,8.2,M
Madden NFL 12,7.9,5.5,E
God of War: Ascension,8,7.5,M
New Super Luigi U,7.7,7.9,E
Madden NFL 25,8,5.6,E
Borderlands 2,9.1,8.2,M
LEGO Marvel Super Heroes,8,7.6,E10+
Tom Clancy's Rainbow Six: Siege,7.3,7.3,M
Forza Motorsport 5,7.9,5.9,E
Need for Speed: Hot Pursuit,8.8,7,E10+
BioShock 2,8.8,8.2,M
Madden NFL 15,8.1,6.1,E
Pro Evolution Soccer 2012,8,6.6,E
FIFA 15,8.2,5.4,E
Tom Clancy's The Division,8,6.9,M
Final Fantasy XIII,8.2,6.3,T
Overwatch,9,6.1,T
Hitman: Absolution,8.3,7.5,M
NBA 2K12,9,6.7,E
NBA 2K14,8.4,4.9,E
Battlefield: Hardline,7.3,5,M
Mortal Kombat,8.6,8.3,M
NBA 2K11,8.9,8.1,E
Dying Light,7.4,7.9,M
World of Warcraft: Cataclysm,9,5.6,T
Portal 2,9.5,8.5,E10+
Mario Sports Mix,6.4,7.1,E
DriveClub,7.1,6.1,E
Metal Gear Solid: Peace Walker,8.9,8.9,T
Kingdom Hearts: Birth by Sleep,8.2,8.6,E10+
Dance Central 2,8.6,8.2,T
Dark Souls,8.9,8.7,M
Just Dance 3,7,7.7,E10+
Battlefield 4,8.1,6.6,M
Fire Emblem: Awakening,9.2,9.1,T
Need for Speed: The Run,6.4,6.4,T
Dragon Age: Inquisition,8.9,7.4,M
Skate 3,8,7.6,T
Need for Speed Rivals,8,6.2,E10+
Forza Horizon,8.5,8.4,T
Resident Evil 6,6.7,5,M
The Sims 3,7.8,6.4,T
BioShock Infinite,9.3,8.5,M
Destiny: The Taken King,8.6,6,T
Mario Party: Island Tour,5.7,6.3,E
Diablo III,8.6,6.4,M
LittleBigPlanet 3,7.9,7.1,E
Batman: Arkham Origins,7.4,7.5,T
NBA 2K17,8.8,6.7,E
Madden NFL 25,7.6,4.1,E
Just Cause 3,7.3,6.5,M
Max Payne 3,8.7,7.8,M
LEGO Marvel Super Heroes,8.2,7.9,E10+
Kirby: Triple Deluxe,8,8.8,E
Sonic Classic Collection,7,7.5,E
inFAMOUS 2,8.3,8.4,T
World of Warcraft: Mists of Pandaria,8.2,4.8,T
Mafia III,6.8,5.1,M
NBA 2K11,8.9,7.6,E
Forza Motorsport 6,8.7,7.9,E
The Evil Within,7.5,7.3,M
LEGO Star Wars III: The Clone Wars,7.6,7.7,E10+
Madden NFL 17,8.2,4.9,E
Just Cause 2,8.3,8,M
Wii Party U,6.5,6.8,E
Kinect Star Wars,5.5,3.5,T
Dragon's Dogma,7.8,8.3,M
The Order: 1886,6.3,6.6,M
Knack,5.4,6.5,E10+
Dragon Quest VI: Realms of Revelation,7.8,8.1,T
Hitman: Absolution,7.9,7.1,M
The Crew,6.1,5.4,T
NBA 2K15,8.2,6.3,E
Call of Duty: Modern Warfare 3,7.8,2.5,M
Dishonored,8.8,7.9,M
Portal 2,9.5,8.4,E10+
The Sims 3: Late Night Expansion Pack,7.4,5.3,T
No Man's Sky,7.1,4.5,T
BioShock Infinite,9.4,8.5,M
Sonic Colors,7.8,8.5,E
Sid Meier's Civilization V,9,7.9,E10+
StarCraft II: Heart of the Swarm,8.6,7.9,T
Until Dawn,7.9,8.2,M
Saints Row IV,8.1,6.5,M
LEGO Batman 2: DC Super Heroes,7.9,7.2,E10+
Dark Souls III,8.9,8.8,M
Kirby's Return to Dreamland,7.7,8.5,E10+
Far Cry 4,8.2,7.5,M
Beyond: Two Souls,7,8.1,M
Max Payne 3,8.6,7.8,M
Kinectimals,7.4,3.1,E
LEGO Marvel Super Heroes,8.3,7.7,E10+
Rage,8.1,6.7,M
Just Cause 2,8.1,8,M
Kingdom Hearts 3D: Dream Drop Distance,7.5,8.2,E10+
Sonic Generations,7.6,8.2,E
Mario Party 10,6.6,6.5,E
Dead Rising 3,7.8,6.8,M
Gears of War: Judgment,7.9,5.4,M
Watch Dogs,7.8,5.8,M
Madden NFL 15,8,6.4,E
Need for Speed: Most Wanted,8.3,8.5,T
LEGO Pirates of the Caribbean: The Video Game,7.3,7,E10+
LEGO Harry Potter: Years 1-4,7.9,8,E10+
Wolfenstein: The New Order,7.9,8.1,M
Mafia II,7.4,7.8,M
BioShock 2,8.8,8.2,M
Uncharted: Golden Abyss,8,7.4,T
Go Vacation,6.4,7.8,E10+
Pro Evolution Soccer 2013,8.2,6.7,E
Dishonored,8.9,7.9,M
Call of Duty: Black Ops II,7.4,4.2,M
Donkey Kong Country: Tropical Freeze,8.3,8.9,E
Dead Space 2,9,8.6,M
Football Manager 2012,8.4,8,E
Ni no Kuni: Wrath of the White Witch,8.5,8.6,E10+
Star Wars: The Force Unleashed II,6.3,6.8,T
Dead Rising 2,7.9,6.9,M
Mafia II,7.5,7.7,M
Batman: Arkham Knight,8.5,6.6,M
Resistance 3,8.3,7.8,M
LEGO Star Wars III: The Clone Wars,7.5,7.8,E10+
Call of Duty Black Ops: Declassified,3.3,4.8,M
Tom Clancy's Ghost Recon: Future Soldier,7.9,7.2,M
Super Scribblenauts,8.1,8.2,E10+
Homefront,7,6,M
Mass Effect 2,9.4,8.5,M
LEGO Battles: Ninjago,5.9,6.9,E
NBA 2K14,8.5,6.5,E
Disney Infinity,7.4,6.5,E10+
Star Wars: The Force Unleashed II,6.1,5.7,T
Kinect Joy Ride,5.2,5,E
Anno 2070,8.3,7,T
Mass Effect 3,9.3,5.5,M
SimCity (2013),6.4,2.2,E10+
Dead Space 2,8.9,8.4,M
Metal Gear Rising: Revengeance,8,7.9,M
Dragon Quest Monsters: Joker 2,7.7,7.3,E
UFC Undisputed 2010,8.5,7.2,T
Medal of Honor: Warfighter,5.5,6,M
Diablo III,8.7,6.6,M
Forza Horizon 2,8.6,8.2,E10+
Injustice: Gods Among Us,8.1,7.9,T
Yoshi's New Island,6.4,6.1,E
Ryse: Son of Rome,6,6.1,M
Mortal Kombat X,8.6,7.3,M
Rise of the Tomb Raider,8.6,8,M
Sonic Generations,7.7,8.3,E
Deus Ex: Human Revolution,8.9,8.3,M
Call of Duty: Black Ops,8,5.8,M
Deus Ex: Human Revolution,8.9,8.2,M
Dead Rising 2,8,6.7,M
Need for Speed: The Run,6.8,6,T
Titanfall,8.3,5.9,M
WWE '13,7.6,8.1,T
Middle-Earth: Shadow of Mordor,8.7,8,M
Battlefield 4,8.1,6,M
Gears of War 4,8.4,6.2,M
Metroid: Other M,7.9,6.5,T
Crysis 2,8.4,7.5,M
Marvel vs. Capcom 3: Fate of Two Worlds,8.4,7.3,T
Tom Clancy's Rainbow Six: Siege,7.4,6.9,M
F1 2010,8.4,7.8,E
Alan Wake,8.3,8.1,T
Skylanders SWAP Force,8.3,5.7,E10+
UFC Undisputed 2010,8.4,6.7,T
Assassin's Creed III: Liberation,7,7.2,M
Your Shape: Fitness Evolved,7.3,7.5,E
Rage,8.1,6.2,M
LEGO Harry Potter: Years 1-4,7.9,8,E10+
The Witcher 3: Wild Hunt,9.1,9.2,M
Yoshi's Woolly World,7.8,8.5,E
Skylanders Giants,8,6.6,E10+
Assassin's Creed Syndicate,7.8,6.1,M
Pokemon Ranger: Guardian Signs,6.8,8.2,E
Crysis 2,8.5,7.2,M
Dying Light,7.4,7.8,M
Fallout 4,8.4,5.4,M
Sonic Colors,7.9,7.9,E
Assassin's Creed: Rogue,7.2,7.5,M
The Elder Scrolls Online,7.7,8.4,M
The LEGO Movie Videogame,6.9,7.2,E10+
Dark Souls II,9.1,8.1,T
Kid Icarus: Uprising,8.3,8.7,E10+
Pokemon Mystery Dungeon: Gates to Infinity,5.9,6.3,E
Metal Gear Solid V: Ground Zeroes,7.5,6.2,M
WWE '12,7.1,6.3,T
WWE '13,7.8,8,T
Final Fantasy X / X-2 HD Remaster,8.5,8.5,T
Need for Speed Rivals,8,4.9,E10+
EA Sports Active 2,7.9,8.1,E
Football Manager 2011,8.5,8.4,E
Saints Row IV,7.6,6.3,M
LittleBigPlanet PS Vita,8.8,8.6,E
Pokemon Super Mystery Dungeon,6.9,8.8,E
FIFA Street,7.6,6.4,E
Madden NFL 17,8.3,5.9,E
LEGO The Lord of the Rings,8,8.5,E10+
Hyrule Warriors,7.6,8.3,T
2010 FIFA World Cup South Africa,8.2,7.8,E
Tales of Xillia,7.8,8.2,T
Super Street Fighter IV: 3D Edition,8.5,8.1,T
WWE 2K16,7.3,7.4,T
Naruto Shippuden: Ultimate Ninja Storm 2,7.6,8.3,T
Battlefield: Hardline,7.1,5.1,M
F1 2011,8.2,7.1,E
FIFA Soccer 11,6.8,5.4,E
LEGO Batman 2: DC Super Heroes,8.1,7.5,E10+
Captain Toad: Treasure Tracker,8.1,8.6,E
Destiny: The Taken King,8.9,5.2,T
Injustice: Gods Among Us,7.8,7.9,T
Just Dance 4,7.7,7.7,E10+
One Piece: Pirate Warriors,6.4,6.5,T
Resident Evil: Operation Raccoon City,5.2,4.9,M
WWE '12,7.2,6.9,T
Grand Theft Auto V,9.6,7.9,M
Fallout: New Vegas,8.4,8.6,M
LEGO Star Wars III: The Clone Wars,7.6,7.3,E10+
Your Shape: Fitness Evolved 2012,7.7,7.6,E
FIFA 14,8.8,5.8,E
Sniper: Ghost Warrior,4.5,5.8,M
Football Manager 2013,8.6,6.7,
Medal of Honor: Warfighter,5.3,5.4,M
WWE 2K15,6.2,5.1,T
WWE 2K14,7.4,7.5,T
Pokemon Rumble Blast,5.6,7.1,E10+
Sunset Overdrive,8.1,7.7,M
Naruto Shippuden: Ultimate Ninja Storm 4,7.9,8.2,T
Watch Dogs 2,8.3,7.8,M
LEGO Star Wars III: The Clone Wars,6.7,6.1,E10+
Alien: Isolation,7.9,8.1,M
Fantasy Life,7.3,8.6,E10+
The Legend of Zelda: Tri Force Heroes,7.3,7.6,E
ModNation Racers,8.2,8.4,E
Rocksmith,8,8.3,T
Rocksmith,7.7,8.2,T
Persona 4: Golden,9.3,9.2,M
Crackdown 2,7,6,M
Dragon Age II,7.9,4.5,M
Fight Night Champion,8.4,7.3,M
Pikmin 3,8.7,8.7,E10+
WWE 2K14,7.5,7.7,T
Dragon Ball: XenoVerse,6.9,7.7,T
Castlevania: Lords of Shadow,8.5,8,M
Plants vs. Zombies,8.1,7.4,E10+
LEGO City Undercover,8,8.2,E10+
NCAA Football 14,7.7,5.8,E
Project CARS,8.3,6.6,E
Sonic Free Riders,4.7,2.1,E
WWE SmackDown vs. Raw 2011,7.4,6.9,T
NCAA Football 13,7.6,5.5,E
Dante's Inferno,7.5,7.5,M
Forza Horizon 3,9.1,7.4,E
Plants vs. Zombies: Garden Warfare,6.9,7.3,E10+
FIFA Soccer 11,7.3,7.3,E
Lightning Returns: Final Fantasy XIII,6.6,5.9,T
Overwatch,9.1,5.6,T
Aliens vs Predator,6.4,7.3,M
Skylanders Giants,7.7,6.3,E10+
Darksiders,8.3,7.9,M
DiRT 3,8.7,7.1,T
LEGO The Lord of the Rings,8.2,8.3,E10+
EA Sports UFC,7,6.1,T
Sleeping Dogs,8.3,7.7,M
Aliens vs Predator,6.5,7.3,M
F1 2012,8.1,7.5,E
Brink,6.8,5.8,T
UFC Undisputed 3,8.6,7.4,T
LEGO Pirates of the Caribbean: The Video Game,7.3,7,E10+
The Legend of Zelda: Twilight Princess HD,8.6,8.4,T
NBA 2K17,9,6.2,E
Disney Universe,6.1,6,E10+
Dance on Broadway,4.8,3.3,E10+
Bulletstorm,8.4,7.6,M
Skylanders SWAP Force,8.3,5.3,E10+
Sonic Generations,6.6,6.9,E
Pokemon Conquest,8,8.2,E
Assassin's Creed: Rogue,7.2,7.3,M
Rayman Legends,9,8.5,E10+
ZombiU,7.7,7.7,M
Pokken Tournament,7.6,8,E10+
God of War: Ghost of Sparta,8.6,8.4,M
Rayman Origins,8.7,8.4,E10+
Just Dance 2014,7.9,7.8,E10+
NCAA Football 12,8.2,6.6,E
UFC Undisputed 3,8.5,7.6,T
Kirby: Mass Attack,8.3,8.6,E
Dark Souls,8.9,8.4,M
Tales of Graces f,7.7,8.2,T
Dead Space 3,7.8,6.4,M
Tom Clancy's Splinter Cell: Blacklist,8.2,7.5,M
Disney Infinity,7.5,5.9,E10+
Mass Effect 3,8.9,5.5,M
Skylanders: Spyro's Adventure,7.8,5.2,E10+
Far Cry 3,8.8,8.2,M
Evolve,7.6,4.3,M
Dead Space 3,7.6,6.4,M
Farming Simulator 2013,6.5,7.5,E
Guitar Hero: Warriors of Rock,7.7,7.5,T
The Witcher 2: Assassins of Kings,8.8,8.5,M
Sniper Elite V2,7,6.9,M
Mario Tennis Open,6.9,6.9,E
PilotWings Resort,7.1,7.4,E
PlayStation All-Stars Battle Royale,7.4,7.3,T
Pro Evolution Soccer 2014,7.8,4.1,E
Tom Clancy's Ghost Recon: Future Soldier,7.9,6.9,M
Driver: San Francisco,7.9,7.7,T
Army of Two: The 40th Day,7.3,7.3,M
Lost Planet 2,6.8,6.9,T
LEGO Pirates of the Caribbean: The Video Game,7.3,7.1,E10+
Star Fox 64 3D,8.1,8.2,E10+
Tom Clancy's Splinter Cell: Blacklist,8.4,7.7,M
Skylanders: Spyro's Adventure,7.7,4.8,E10+
Naruto Shippuden: Ultimate Ninja Storm 3,7.7,7.9,T
EA Sports UFC 2,7.9,6.2,T
Dragon Age: Inquisition,8.5,6.9,M
Kirby: Planet Robobot,8.1,8.7,E
Kingdom Hearts Re:coded,6.6,7,E10+
Lego Batman 3: Beyond Gotham,7.3,7.1,E10+
Wipeout: In The Zone,3.9,5.6,E10+
The LEGO Movie Videogame,8,6.8,E10+
Assassin's Creed III,8,6.2,M
Borderlands 2,8.9,8.2,M
Disney Magical World,7.1,7.5,E
NCAA Football 11,8.6,7.1,E
MLB 15: The Show,8,7.8,E
South Park: The Stick of Truth,8.5,8.5,M
South Park: The Stick of Truth,8.2,8.4,M
MLB 12: The Show,8.7,7.5,E
Dante's Inferno,7.3,7.7,M
Wii Play: Motion,6,6.1,E10+
Harvest Moon 3D: A New Beginning,7.4,8.2,E
EA Sports Active 2,7.8,5.4,E
Xenoblade Chronicles,9.2,8.9,T
Dynasty Warriors 7,5.7,7.4,T
NBA 2K14,8.6,5.7,E
SSX,8.1,6.8,E
Street Fighter V,7.7,3.4,T
Just Cause 3,7.1,7,M
Crysis 3,7.6,6.7,M
The Witcher 2: Assassins of Kings,8.8,8.3,M
Homefront,7,5.7,M
LEGO Jurassic World,7,7,E10+
The Elder Scrolls Online,7.1,5.7,M
Madden NFL 25,7.4,5.2,E
LEGO Marvel Super Heroes,6.1,5.2,E10+
SOCOM 4: U.S. Navy SEALs,6.7,6.3,M
FIFA Street,7.7,6.7,E
Tiger Woods PGA Tour 12: The Masters,8,7.3,E
NCAA Football 13,7.9,4.1,E
The Tomb Raider Trilogy,7.8,8.1,T
F1 2010,8.4,7.5,E
Dissidia 012: Duodecim Final Fantasy,7.8,8.3,T
Far Cry: Primal,7.7,6.4,M
Resident Evil: Revelations,8.2,8.5,M
Rock Band 3,9.3,8.2,T
WWE SmackDown vs. Raw 2011,7.5,7.6,T
Borderlands: The Handsome Collection,8.2,7.8,M
Sleeping Dogs,8,7.9,M
Kingdoms of Amalur: Reckoning,8,7.7,M
Michael Jackson: The Experience,6.3,6.8,E10+
LittleBigPlanet Karting,7.3,6.9,E
Crysis 3,7.7,6.3,M
Guitar Hero Live,8,6.2,T
Guitar Hero: Warriors of Rock,7.2,6.5,T
2010 FIFA World Cup South Africa,8.3,8.1,E
Kingdoms of Amalur: Reckoning,8.1,7.6,M
Tekken Tag Tournament 2,8.2,8.2,T
Wii Fit U,7.2,7.7,E
NCAA Football 11,8.5,7.4,E
Army of Two: The 40th Day,7.4,7,M
Darksiders II,8.4,7.1,M
 Tales of Xillia 2,7.1,7.9,T
Xenoblade Chronicles X,8.4,8.9,T
NCAA Football 14,7.7,6.2,E
Sniper Elite V2,6.7,6.8,M
Duke Nukem Forever,4.9,4.4,M
NCAA Football 12,8.2,5.8,E
Tiger Woods PGA Tour 11,7.8,6.7,E
Street Fighter X Tekken,8.4,5.3,T
Tales of the Abyss,7.5,7.6,T
Dragon Age II,8.2,4.3,M
Call of Duty: Modern Warfare 3,7,1.8,M
DJ Hero 2,8.6,7.9,T
Devil May Cry HD Collection,7.4,8.8,M
Dance Central 3,8.6,8,T
Madden NFL 25,7.3,5.9,E
Guitar Hero: Warriors of Rock,7.4,7.1,T
Dragon Ball: Raging Blast 2,6,7.5,T
Professor Layton vs Phoenix Wright: Ace Attorney,7.9,8.5,T
Killzone: Mercenary,7.8,8.9,M
Final Fantasy X / X-2 HD Remaster,8.6,8.5,T
pro evolution soccer 2011,7.4,5.8,E
DmC: Devil May Cry,8.5,5.3,M
Darksiders II,8.3,8,M
Need for Speed Rivals,7.6,5.4,E10+
[Prototype 2],7.4,7,M
Dragon's Dogma,7.5,7.8,M
Pro Evolution Soccer 2016,8.7,7.1,E
Rare Replay,8.4,7.7,M
Sniper: Ghost Warrior,5.3,6,M
WWE 2K15,5.5,3.1,T
Naruto Shippuden: Ultimate Ninja Storm 2,7.4,8.5,T
Golden Sun: Dark Dawn,7.9,8.1,E10+
Fight Night Champion,8.6,7.4,M
Dead Island: Riptide,5.7,6.3,M
Goldeneye 007: Reloaded,7.2,6.3,T
Rayman Origins,8.7,8.2,E10+
Aliens: Colonial Marines,4.8,3.8,M
Resident Evil: Operation Raccoon City,5.2,4.9,M
UFC Personal Trainer: The Ultimate Fitness System,7,6.5,E
Bayonetta 2,9.1,8.2,M
The Sims 3,5.2,3.3,T
Portal 2,9.5,8.8,E10+
Duke Nukem Forever,5.1,4.9,M
Star Wars: The Force Unleashed II,7.1,7.8,T
Professor Layton and the Azran Legacy,8.1,7.9,E10+
Titanfall 2,8.9,8.4,M
Metal Gear Solid V: The Phantom Pain,9.5,7.3,M
PokePark 2: Wonders Beyond,6,7,E
DJ Hero 2,8.6,7.8,T
LEGO Batman 2: DC Super Heroes,7.2,5.2,E10+
SoulCalibur V,8.1,6.7,T
Pro Evolution Soccer 2015,8.2,7.2,E
Raving Rabbids: Travel in Time,6.2,7.6,E10+
Dark Souls II,9.1,7.9,T
Assassin's Creed: Revelations,8,7.4,M
[Prototype 2],7.9,6.8,M
Resident Evil: Revelations,7.4,7.2,M
Ace Combat: Assault Horizon,7.7,6.7,T
Crysis 2,8.6,6.8,M
MLB 13: The Show,8.7,7.8,E
LEGO Marvel Super Heroes,8.2,8,E10+
Dragon Age: Inquisition,8.5,5.9,M
Resonance of Fate,7.2,8,T
Style Savvy: Trendsetters,7.6,8,E
Final Fantasy XIII-2,7.9,6.3,T
Persona 4: Arena,8.6,7.7,T
Brink,7.2,5.8,T
NHL 11,8.8,7.7,E10+
LEGO Marvel's Avengers,7.1,7,E10+
Just Dance 2015,7.5,6.6,E10+
LEGO Dimensions,8,7.1,E10+
Naruto Shippuden: Ultimate Ninja Storm Generations,7.4,7.1,T
Monopoly Streets,6.5,5.2,E
Total War: Rome II,7.6,4.2,T
Star Ocean: The Last Hope International,7.4,6.7,T
Persona Q: Shadow of the Labyrinth,8.3,8.1,M
MLB 14: The Show,8.3,7.7,E
Borderlands: The Pre-Sequel,7.4,6.4,M
The Witcher 3: Wild Hunt,9.3,9.3,M
F1 2011,8.4,7.1,E
MLB 10: The Show,9.1,8.3,E
Blur,8.1,8.2,E10+
Battlefield: Bad Company 2,8.7,8.3,M
DiRT 3,8.7,7.1,T
XCOM: Enemy Unknown,8.9,8.2,M
Dragon Ball: Xenoverse 2,7.3,7.8,T
SSX,8.2,6.4,E
Skylanders: Trap Team,8.6,7.1,E10+
Catherine,7.9,8.1,M
Lego Star Wars: The Force Awakens,7.8,7.5,E10+
NHL 12,8.6,7,E10+
Omerta: City of Gangsters,4.3,3.3,T
Driver: San Francisco,8,7.6,T
James Bond 007: Blood Stone,6.5,7.4,T
MotionSports,4,4.4,T
Plants vs. Zombies: Garden Warfare,7.6,7.4,E10+
Need for Speed Rivals,7.5,5.8,E10+
Prince of Persia: The Forgotten Sands,7.5,7.6,T
The Sims: Medieval,7.7,6.1,T
Top Spin 4,8.2,7.7,E
The Sly Collection,8.5,8.8,E10+
Sniper Elite 3,6.7,7.1,M
Wolfenstein: The New Order,7.9,7.8,M
Kirby's Dream Collection: Special Edition,8.2,8.8,E10+
RIFT,8.4,7.3,T
The Evil Within,7.9,7.3,M
The LEGO Movie Videogame,7.1,7.1,E10+
Terraria,8.1,7.2,T
Fossil Fighters: Champions,6.8,7.1,E
The Sims 3,7.3,6.4,E
F1 2015,6.5,6.3,E
Castlevania: Lords of Shadow,8.3,7.8,M
NHL 13,8.3,6.6,E10+
Napoleon: Total War,8.1,7.9,T
Rayman Legends,9.2,8.7,E10+
BioShock Infinite,9.4,8.5,M
Lollipop Chainsaw,6.7,7.1,M
Gods Eater Burst,7.1,7.9,T
Fist of the North Star: Ken's Rage,6,6.9,M
One Piece: Pirate Warriors 2,7.1,7.8,T
LEGO Jurassic World,7,6.7,E10+
Freedom Wars,7.3,8.3,T
Mortal Kombat,8.5,7.8,M
The Last Story,8,8.4,T
Farming Simulator 17,6.4,8,E
Borderlands 2,6.4,7.6,M
Assassin's Creed IV: Black Flag,8.4,7.7,M
The LEGO Movie Videogame,6.8,7.7,E10+
WWE 2K15,5,4,T
Rayman 3D,6.1,6.6,E
Football Manager 2014,8.5,5.5,E
Sengoku Basara: Samurai Heroes,6.1,7.9,T
Dishonored 2,8.8,7.7,M
The Crew,6.4,5.9,T
Dragon Ball: Raging Blast 2,5.7,7.4,T
NHL 13,8.4,6.8,E10+
Dead or Alive 5,7.4,7.7,M
Evolve,7.4,5.1,M
Rock Band 3,9.1,6.9,T
Dragon Age II,8.2,4.5,M
Far Cry 4,8,6.7,M
White Knight Chronicles II,6,7.1,T
The Walking Dead: Survival Instinct,3.2,4,M
The Sims 3: Generations,7,3.6,T
Angry Birds Trilogy,6.2,4.6,E
Crysis 3,7.6,6.5,M
NHL 16,7.8,5.5,E10+
XCOM: Enemy Unknown,9,8.3,M
Just Dance 3,7.5,6,E10+
LEGO Pirates of the Caribbean: The Video Game,7.1,7.3,E10+
Red Steel 2,8,8.6,T
Mafia III,6.7,4.6,M
Prince of Persia: The Forgotten Sands,7.4,7.8,T
Warriors Orochi 3,7,7.9,T
DJ Hero 2,8.8,7.5,T
Tiger Woods PGA Tour 12: The Masters,8,6.1,E
NieR,6.8,8.4,M
2014 FIFA World Cup Brazil,7.3,4.3,E
Cooking Mama 4: Kitchen Magic!,5.6,6,E
Scribblenauts: Unlimited,7.3,7.4,E10+
Plants vs. Zombies: Garden Warfare,7.5,7.6,E10+
Disney Universe,7,6.9,E10+
Vanquish,8.4,8.1,M
Tearaway,8.7,8.9,E
Borderlands: The Pre-Sequel,7.7,6.3,M
pro evolution soccer 2011,7.9,5.9,E
Dragon Ball Z: Ultimate Tenkaichi,5.8,5.4,T
Pac-Man Party,5.9,5.9,E10+
Aliens: Colonial Marines,4.3,3.6,M
Yakuza: Dead Souls,6.4,7.4,M
Dead Island: Riptide,6.2,5.9,M
Kinect Sports Rivals,6,5.1,E10+
Dynasty Warriors 8,6.8,8.5,T
Disney Infinity,7.1,7.6,E10+
Fighters Uncaged,3.2,4.6,T
Split/Second,8.2,8.1,E10+
LEGO The Hobbit,7.2,6.6,E10+
WWE 2K17,6.9,6.9,T
Just Dance 2014,7.2,7.6,E10+
NHL 15,6,3.6,E10+
Total War: Shogun 2,9,8.3,T
NHL 11,8.8,7.1,E10+
Yakuza 5,8.3,8.5,M
WWE 2K16,7.2,5.7,T
Assassin's Creed: Brotherhood,8.8,8.2,M
Silent Hill: Shattered Memories,7.7,6.8,M
Blur,8.2,8.3,E10+
Metal Gear Solid V: Ground Zeroes,6.6,5.9,M
The Fight: Lights Out,4.8,7.5,T
Deus Ex: Human Revolution,9,8.5,M
SoulCalibur V,7.7,6.2,T
Game Party in Motion,3.3,3.7,E
Call of Duty: Black Ops,7.4,6,T
MLB 11: The Show,9,7.8,E
Kinect Rush: A Disney Pixar Adventure,6.8,5.1,E
Skylanders SWAP Force,8.9,6,E10+
Alice: Madness Returns,7,7.9,M
Shin Megami Tensei IV,8.3,8.3,M
NHL 12,8.6,7.5,E10+
JoJo's Bizarre Adventure: All Star Battle,7.1,8.3,T
Rayman Legends,9.1,8.7,E10+
FIFA Soccer,7.9,7.2,E
Phineas and Ferb: Across the 2nd Dimension,7.6,8.3,E10+
Payday 2,7.5,6.3,M
XCOM: Enemy Unknown,8.9,8.2,M
Skylanders: Spyro's Adventure,8.2,4.9,E10+
Titanfall 2,8.7,8,M
Rock Band 3,9.1,8,T
WWE 2K15,5.6,5.7,T
Defiance,6,7.2,M
Disgaea 4: A Promise Unforgotten,8,7.8,T
Doom 3 BFG Edition,6.7,6.4,M
Pro Evolution Soccer 2012,7.4,6.3,E
Just Dance 2016,7.3,6.9,E10+
Disney Universe,6.6,5.3,E10+
Rune Factory 4,7.8,8.1,E10+
Titanfall,8.6,6.2,M
"Warhammer 40,000: Space Marine",7.6,7.8,M
Tetris Party Deluxe,7.2,5.8,E
Gravity Rush,8.3,8.5,T
Quantum Break,7.7,6.8,M
Final Fantasy IV: The Complete Collection,7.7,7.5,E10+
Harvest Moon: The Tale of Two Towns,6.8,7.5,E
God of War: Origins Collection,8.4,8.4,M
Enslaved: Odyssey to the West,8,7.4,T
Guitar Hero Live,8.1,5.1,T
Hot Shots Golf: World Invitational,7.6,8.1,E
Resident Evil: Revelations 2,7.5,7.7,M
Rayman Origins,9.2,8.3,E10+
Assassin's Creed: Unity,7,3,M
MX vs. ATV: Alive,6.3,7.2,E
Assassin's Creed II,8.6,6.9,M
Sly Cooper: Thieves in Time,7.5,8.3,E10+
Spec Ops: The Line,7.7,8,M
NHL 14,8,6,E10+
F1 2013,7.7,6.3,E
Rayman Origins,8.8,8.4,E10+
Enslaved: Odyssey to the West,8.2,7.8,T
Tiger Woods PGA Tour 13,7.5,5.7,E
Dynasty Warriors: Gundam 3,5.8,7.5,T
Tiger Woods PGA Tour 11,8.4,8.3,E
Metro 2033,7.7,7.9,M
Final Fantasy Explorers,6.9,7,E10+
Dragon Ball Z: Ultimate Tenkaichi,5.5,5.8,T
Two Worlds II,6.7,6.6,M
NHL 14,8.1,5.9,E10+
Harry Potter and the Deathly Hallows - Part 1,4.1,5,T
Time Crisis: Razing Storm,5.8,5.9,T
LEGO Dimensions,6.2,6.5,E10+
Valkyria Chronicles II,8.3,8.1,T
Tatsunoko vs. Capcom: Ultimate All-Stars,8.5,8.8,T
Tactics Ogre: Let Us Cling Together,8.7,8.8,T
Dragon's Crown,8.2,8.3,T
Just Dance 2015,7,7.5,E10+
The LEGO Movie Videogame,6.9,6.9,E10+
Overwatch,9.1,6.8,T
StarCraft II: Legacy of the Void,8.8,8.3,T
ModNation Racers,7.3,7.7,E
Batman: Arkham City,9.1,8.6,T
Bulletstorm,8.3,7.7,M
Michael Jackson: The Experience,6.6,8.4,E10+
Tiger Woods PGA Tour 11,7.9,7.8,E
Sesame Street: Once Upon A Monster,7.9,6.9,E
LEGO Jurassic World,7.1,8.1,E10+
Rory McIlroy PGA Tour,6.1,3.7,E
SingStar Dance,6.5,3.9,T
Lords of the Fallen,6.8,6.6,M
Kirby and the Rainbow Curse,7.3,8,E
The 3rd Birthday,7.1,6.1,M
Epic Mickey 2: The Power of Two,5.9,5.5,E
Soul Sacrifice,7.7,8.2,M
DC Universe Online,6.7,7.4,T
The Walking Dead: Survival Instinct,3.4,3.6,M
Major League Baseball 2K10,7.6,7.6,E
Alice in Wonderland,6.9,7.4,E10+
Alien: Isolation,7.8,7.8,M
Naruto Shippuden: Ultimate Ninja Storm 3,7,7.7,T
Tiger Woods PGA Tour 13,7.7,5.6,E
Pro Evolution Soccer 2012,7.8,6.6,E
Unit 13,7.1,7.5,T
R.U.S.E.,7.6,7.3,T
Theatrhythm: Final Fantasy,7.8,7.8,E10+
Goldeneye 007: Reloaded,7.2,6,T
Major League Baseball 2K12,6.8,6.4,E
Alice: Madness Returns,7,8.1,M
Ridge Racer 3D,7.5,7.2,E
Super Monkey Ball 3D,5.5,5.5,E
F1 2012,8.4,6.9,E
Bleach: Soul Resurreccion,5.8,7.2,T
Sonic Lost World,5.9,6.5,E10+
Plants vs. Zombies: Garden Warfare 2,8.1,7.7,E10+
Ace Combat: Assault Horizon,7.8,6.2,T
Resident Evil: The Mercenaries 3D,6.5,6.4,M
Pokemon Art Academy ,7.6,7.7,E
Medal of Honor,7.2,6.4,M
Asphalt 3D,4.3,4.4,E10+
Steel Diver,5.8,6.3,E10+
Bravely Second: End Layer,8.1,7.4,T
Skylanders: SuperChargers,8.7,5.6,E10+
MotorStorm: Apocalypse,7.7,7.7,T
Plants vs. Zombies: Garden Warfare 2,8,8.1,E10+
Mario Golf: World Tour,7.8,8.2,E
Lollipop Chainsaw,7,7,M
Metal Gear Rising: Revengeance,8.2,7.8,M
NHL 16,8,6,E10+
Fortune Street,6.8,7.5,E
Doom 3 BFG Edition,6.7,6.5,M
Rock Band 4,7.9,6.4,T
James Bond 007: Blood Stone,6.2,7.1,T
Street Fighter X Tekken,8.3,4.4,T
World of Warcraft: Warlords of Draenor,8.7,5.9,T
FIFA Soccer 13,6.9,6.2,E
Epic Mickey 2: The Power of Two,5.9,4.3,E
FlingSmash,4.8,6.8,E
Rise of Nightmares,5.4,7.8,M
EA Sports UFC,7,6.3,T
Art Academy: Lessons for Everyone,8.1,7.6,E
One Piece: Pirate Warriors 3,7.4,7.4,T
2010 FIFA World Cup South Africa,6.9,7.4,E
Two Worlds II,7,7,M
Football Manager 2015,8,6,
The Sims 3: Ambitions,7.4,7.3,T
MX vs. ATV: Alive,6.1,6.7,E
Need for Speed: Hot Pursuit,5,3.7,E10+
Silent Hill: Downpour,6.4,6.9,M
Just Dance 2014,7.1,7,E10+
LEGO The Hobbit,7,8.7,E10+
PlayStation All-Stars Battle Royale,7.5,7.5,T
Major League Baseball 2K11,6.9,6.8,E
Red Faction: Armageddon,7.1,7.3,M
F.E.A.R. 3,7.4,7.1,M
Harry Potter and the Deathly Hallows - Part 1,3.8,5,T
Pro Evolution Soccer 2017,8.5,7.6,E
Dead or Alive: Dimensions,7.9,8.2,T
Wolfenstein: The New Order,8.1,8.2,M
Deadpool,6.1,7.2,M
Watch Dogs,7.7,4.7,M
F.E.A.R. 3,7.5,7,M
Disney Guilty Party,7.8,8,E
"Warhammer 40,000: Space Marine",7,7.4,M
Mario Tennis Ultra Smash,5.8,5.3,E
Virtua Tennis 4,6.9,6.6,E
Naruto Shippuden: Ultimate Ninja Storm Generations,7.4,7.2,T
Skylanders: Trap Team,7.8,5.6,E10+
Transformers: Fall of Cybertron,7.9,8.3,T
SOCOM: U.S. Navy SEALs Fireteam Bravo 3,7.4,8,T
DmC: Devil May Cry,8.6,5.1,M
FIFA Soccer 13,5.7,4.1,E
Child of Eden,8.4,7.7,E10+
Spider-Man: Shattered Dimensions,7.4,7.5,T
Ninja Gaiden 3,5.8,5,M
Tetris Axis,7.4,6.8,E
Borderlands: The Handsome Collection,8,7.8,M
Naruto Shippuden: Ultimate Ninja Storm Revolution,7.3,7.5,T
Naughty Bear,4.3,5.5,T
Deadpool,6.2,7.4,M
Lego Batman 3: Beyond Gotham,7.4,7.1,E10+
MLB 14: The Show,8.1,6.8,E
Devil May Cry HD Collection,7.7,8.4,M
Hyperdimension Neptunia,4.5,7,T
Payday 2,7.4,6.2,M
OkamiDen,8.2,7.9,E10+
Hometown Story,4.7,6,E10+
Just Dance 4,7.7,7.1,E10+
Max Payne 3,8.7,7.6,M
Alpha Protocol,6.4,6.9,M
Wolfenstein: The Old Blood,7.6,8,
Rayman Legends,9,8.2,E10+
2014 FIFA World Cup Brazil,7.4,4.4,E
Atelier Totori: The Adventurer of Arland,7.4,6.7,T
Batman: Arkham Origins Blackgate,6.1,6.8,T
Zone of the Enders HD Collection,7.3,8,M
2010 FIFA World Cup South Africa,7,6.7,E
Trials Fusion,7.9,7.2,E10+
How to Train Your Dragon,5.9,7,E10+
Story of Seasons,7.6,8.2,E10+
Metro: Last Light,8,8.2,
Spec Ops: The Line,7.6,8.2,M
Paper Mario: Color Splash,7.5,6.8,E
Vanquish,8.4,8.4,M
TRON: Evolution,5.8,6.2,T
Attack on Titan: Humanity in Chains,4.6,4.5,M
Animal Crossing: Amiibo Festival,4.6,4.4,E
Just Dance 2014,7.5,5.5,E10+
EA Sports UFC 2,7.6,6,T
Farming Simulator 17,6.9,8.7,E
Tom Clancy's HAWX 2,7,6.8,T
Terraria,8.1,7.9,T
LEGO Dimensions,8,6.9,E10+
Football Manager Handheld 2011,7.7,7.7,E
NHL 15,5.9,3.2,E10+
Tom Clancy's The Division,7.9,5.8,M
Green Day: Rock Band,7.6,6.3,T
F1 2014,6.2,4.1,E
Call of Duty: Black Ops II,8.1,6.9,M
Top Spin 4,8.4,8.2,E
Call of Duty: Advanced Warfare,7.8,4.5,M
WWE All Stars,7.5,6.4,T
Green Day: Rock Band,7.5,6.6,T
Harry Potter and the Deathly Hallows - Part 1,5.6,6,E10+
Resistance: Burning Skies,6,6.8,M
Fantastic Pets,6.6,7.5,E
BlazBlue: Continuum Shift,8.7,8,T
Duke Nukem Forever,5.4,5.7,M
Naughty Bear,4.3,5.6,T
NBA Jam,7.9,8.5,E
Tales of Zestiria,7.2,6.8,T
Metal Gear Solid: The Legacy Collection,9.3,9,M
Life is Strange,8.5,8.6,M
The Wonderful 101,7.8,8.5,T
Asura's Wrath,7.1,7.4,T
FIFA 14,8.7,4.6,E
Ragnarok Odyssey,6.6,7.8,T
The Gunstringer,7.7,8.1,T
FIFA Soccer 13,8.6,6.6,E
Mafia II,7.7,7.9,M
LEGO The Lord of the Rings,6.1,7.6,E10+
No More Heroes 2: Desperate Struggle,8.4,8.8,M
Fishing Resort,6.9,7,E
Armored Core V,6.5,7.3,T
Mass Effect 2,9.4,8.8,M
Harry Potter and the Deathly Hallows - Part 1,3.8,2.8,T
Project X Zone,7,7.3,T
NBA Jam,7.1,5.7,E
Dark Souls III,8.7,8.6,
NBA Jam,7.5,7,E
Madden NFL Football,4.9,5.3,E
Transformers: Fall of Cybertron,7.7,8.2,T
Alpha Protocol,6.3,7.2,M
Combat of Giants: Dinosaurs 3D,4.4,5.3,E10+
Until Dawn: Rush of Blood,7.2,8,M
Sonic Lost World,6.3,7.3,E10+
Skylanders SWAP Force,7.9,5.2,E10+
Iron Man 2,4.1,5.2,T
Monopoly Streets,6.4,6.1,E
The Darkness II,8,7.5,M
Just Dance 2015,7.2,5.8,E10+
Samurai Warriors Chronicles,6.1,7.7,T
One Piece: Unlimited World Red,7.5,7.6,T
EA Sports Active 2,6.8,5.4,E
Red Faction: Armageddon,7.1,7,M
Dungeon Siege III,7.1,6.3,T
Farming Simulator 2013,3.3,6.2,E
Shin Megami Tensei: Devil Survivor Overclocked,7.8,8.2,T
Rock Band 4,7.8,6.3,T
Battlefield 1,8.8,7.6,M
Metal Gear Solid: Snake Eater 3D,7.8,7.8,M
Deus Ex: Mankind Divided,8.4,7.6,M
Saints Row: The Third,8.4,8.1,M
Ghost Trick: Phantom Detective,8.3,9,T
Get Fit with Mel B,7.3,5.8,E
Pro Evolution Soccer 2011 3D,7.3,6.7,E
Just Dance 2014,7.7,7.1,E10+
Wii Sports Club,6.8,7,E10+
Skylanders Giants,8,6.9,E10+
GRID 2,8.2,6.6,E
Just Dance 4,6.6,7.8,E10+
Need for Speed: Hot Pursuit,8.6,6.7,E10+
EA Sports MMA,7.7,6.9,T
Tiger Woods PGA Tour 14,7.4,3.8,E
Rage,7.9,5.2,M
Prince of Persia: The Forgotten Sands,6.5,7.4,T
BioShock The Collection,8.4,8.5,M
Theatrhythm Final Fantasy: Curtain Call,8.3,8.2,T
Rocket League,8.5,8.7,E
Dungeon Siege III,7.2,5.9,T
DiRT Rally,8.5,8.1,E
Scribblenauts: Unlimited,7.3,7.4,E10+
Need for Speed: The Run,6.9,5.8,T
Sid Meier's Civilization: Beyond Earth,8.1,5.5,E10+
Green Day: Rock Band,7.6,8.8,T
Star Fox: Zero,6.9,7.4,E10+
Tom Clancy's HAWX 2,6.8,6.3,T
Sword Art Online: Lost Song,7,7.1,T
Just Dance 2016,7.3,6.8,E10+
Spider-Man: Shattered Dimensions,7.6,7.6,T
Fossil Fighters: Frontier,5.7,4.8,E10+
Watch Dogs 2,8.3,7.7,M
ESPN: Sports Connection,3.1,2.7,E
Dragon's Crown,7.8,8.4,T
Wipeout 2048,7.9,8.2,E10+
Earth Defense Force 2025,6.9,7.5,M
Middle-Earth: Shadow of Mordor,8.4,8,M
Tiger Woods PGA Tour 14,7.7,6.2,E
Dark Void,5.9,6,T
Homefront: The Revolution,4.8,3.8,M
Assassin's Creed III,8.5,7.1,M
One Piece: Burning Blood,6.6,7.8,T
Toukiden: The Age of Demons,7.1,8,T
Metro: Last Light,8,8.4,
Football Manager 2016,8.1,6.9,E
EA Sports MMA,7.9,7,T
Defiance,5.9,6.9,M
LEGO Marvel's Avengers,7.1,5.1,E10+
Mirror's Edge Catalyst,6.9,4.7,T
Sniper Elite 3,6.3,6.6,M
TrackMania Turbo,8.1,7.9,E
Tiger Woods PGA Tour 12: The Masters,8.5,6.7,E
Call of Duty: Ghosts,6.9,3.4,M
Transformers: Dark of the Moon,5.7,5.6,T
WWE '12,7.4,5.2,T
WWE All Stars,7.5,7.2,T
Tekken Tag Tournament 2,8.3,7.5,T
Supreme Commander 2,7.5,7.1,E10+
Racquet Sports,4.5,4.3,E
Company of Heroes 2,8,2.1,M
Rayman Legends,9.1,7.9,E10+
Naruto Shippuden: Ultimate Ninja Impact,5.9,7.2,T
Tom Clancy's Ghost Recon: Shadow Wars,7.7,7.9,T
The Shoot,6,6.2,T
World of Final Fantasy,7.7,8.3,E10+
NHL 17,7.8,5.8,E10+
Harry Potter and the Deathly Hallows - Part 2,4.4,5.4,T
The King of Fighters XIII,7.9,8.2,T
LEGO Batman 2: DC Super Heroes,6.2,6.7,E10+
Sniper: Ghost Warrior 2,5.2,6,M
Cabela's Dangerous Hunts 2011,6,5.4,T
Dragon Ball Z: Extreme Butoden,6.1,6.6,T
Resonance of Fate,7.4,7.7,T
Harry Potter and the Deathly Hallows - Part 2,4.7,6.6,T
Medal of Honor: Warfighter,5.5,5.4,M
Danganronpa: Trigger Happy Havoc,8,8.1,M
Binary Domain,7.2,8.2,M
DECA Sports Freedom,2.6,3.7,E10+
Mystery Case Files: The Malgrave Incident,6.5,8.2,E
Iron Man 2,4.1,4.6,T
Def Jam Rapstar,7.5,6.3,T
Hatsune Miku: Project Mirai DX,8,8.5,E10+
Just Dance 2016,6.6,6.1,E10+
Dead Space 2,8.7,8.3,M
The Black Eyed Peas Experience,6.6,5.8,T
Remember Me,7.2,7.4,M
Silent Hill: Downpour,6.8,7.3,M
Dead Rising 2: Off the Record,7.2,7.1,M
Dragon Ball: XenoVerse,6.7,7.2,T
Dead or Alive 5,7.6,7.9,M
Harry Potter and the Deathly Hallows - Part 2,4.3,5.7,T
World of Warcraft: Legion,8.8,7.5,T
Hatsune Miku: Project Diva F 2nd,8.1,8.4,T
Operation Flashpoint: Red River,6.7,6.3,M
Silent Hill HD Collection,7,4.8,M
Army of Two: The 40th Day,4.9,6,M
Persona 4: Dancing All Night,7.6,8.6,T
Murdered: Soul Suspect,5.9,6.9,M
The Darkness II,7.9,7.6,M
Fable III,7.5,5.4,M
Lord of Arcana,5.3,5.5,M
Phineas and Ferb: Across the 2nd Dimension,6.3,6.6,E10+
Rugby World Cup 2011,5,5.6,E
F1 Race Stars,6.1,5.6,E
BlazBlue: Continuum Shift,8.5,8.7,T
Etrian Odyssey III: The Drowned City,7.7,8,E10+
Batman: Arkham Origins,7.4,7.5,T
Fate/Extra,5.8,8.1,T
Drakengard 3,6.1,7.7,M
Catherine,8.2,7.9,M
Bust-A-Move Universe,4.9,4.8,E
Batman: Arkham Origins,6.8,7.4,T
Shin Megami Tensei: Devil Survivor 2,7.9,8.8,T
Sonic Boom: Rise of Lyric,3.2,3.6,E10+
The Settlers 7: Paths to a Kingdom,7.9,5.2,E10+
Tropico 5,7.6,7.1,T
LEGO Legends of Chima: Laval's Journey,6.5,3.6,E10+
Skylanders: SuperChargers,8.1,3.3,E10+
Dark Void,5.9,6,T
Clash of the Titans,4.1,1.7,T
Pandora's Tower,7.3,8,T
Jonah Lomu Rugby Challenge,7.3,6,E
Mega Man Zero Collection,7.8,8.9,E
Pro Evolution Soccer 2013,8.2,6.9,E
TRON: Evolution,5.8,6,T
Dragon Ball Z: Battle of Z,5.4,5.3,T
NASCAR 2011: The Game,6.2,4.1,E
BlazBlue: Chrono Phantasma,8.3,8.3,T
Kingdoms of Amalur: Reckoning,8.1,6.6,M
Mario Party: Star Rush,6.8,6.8,E
Naruto Shippuden: Ultimate Ninja Storm 4,8.1,8.5,T
Batman: Arkham VR,7.5,7.3,M
The King of Fighters XIII,7.7,8.2,T
Tom Clancy's Splinter Cell 3D,5.3,5.5,T
F1 2013,7.9,6.6,E
PowerUp Heroes,6.1,7.5,E10+
One Piece Unlimited Cruise SP,4.6,7.3,
Madden NFL 13,6.3,7.3,E
Silent Hill: Shattered Memories,7.3,7.5,M
Sword Art Online: Hollow Fragment,6.7,7.6,T
Fist of the North Star: Ken's Rage 2,4.9,7,M
Lego Star Wars: The Force Awakens,7.6,7,E10+
Little Deviants,5.7,5.5,E10+
Radiant Historia,8.5,9,E10+
Sorcery,7,7.3,E10+
Batman: The Brave and the Bold the Videogame,7.4,8,E10+
Def Jam Rapstar,7.4,5.4,T
MySims SkyHeroes,6.7,5.2,E10+
Modnation Racers: Road Trip,6.2,6.4,E
ExerBeat,6,7.6,E
Front Mission Evolved,5.8,6,T
Ultimate Marvel vs. Capcom 3,8,7.7,T
NieR,6.7,8.3,M
Deadpool,6,5.7,M
UEFA Euro 2016,7.2,6.6,E
Borderlands: The Pre-Sequel,7.5,6.2,M
Starhawk,7.7,7.8,T
FIFA Soccer 13,6.8,3.7,E
Ace Combat: Joint Assault,7.1,7.2,T
Sonic Boom: Shattered Crystal,4.7,6.3,E
Call of Juarez: The Cartel,4.5,5.5,M
Angry Birds Star Wars,4.9,3.6,E
Metal Gear Solid V: Ground Zeroes,7.6,5.4,M
Disgaea 5: Alliance of Vengeance,8,8.1,T
Sengoku Basara: Samurai Heroes,6.5,8.8,T
World of Tanks,8,3.7,T
Majin and the Forsaken Kingdom,7.2,7.9,T
Assassin's Creed IV: Black Flag,8.6,7.7,M
FIFA 15,8.2,4.2,E
Hatsune Miku: Project Diva f,7.3,8.4,T
LEGO The Lord of the Rings,5.4,5.6,E10+
Fable: The Journey,6.1,4.8,T
Operation Flashpoint: Red River,6.9,6.1,M
Transformers: Dark of the Moon,5.9,6.7,T
Dead to Rights: Retribution,6,5.9,M
El Shaddai: Ascension of the Metatron,7.8,7.5,T
Tony Hawk: Shred,5.6,6.7,E
NES Remix,7.1,7.1,E
Monopoly Streets,6.6,6.6,E
Medieval Moves: Deadmund's Quest,6.1,6.5,E10+
Rugby World Cup 2011,5.5,3.9,E
Angry Birds Star Wars,5.9,5.6,E
One Piece: Unlimited World Red,7.1,7.3,T
Army of Two: The Devil's Cartel,5.8,6.7,M
Patapon 3,7.4,7.2,E
GRID 2,7.8,5.8,E
Need for Speed: The Run,6.4,3.6,E10+
The Evil Within,6.8,5.9,M
Dead Rising 2: Off the Record,7.2,7.5,M
Iron Man 2,4.1,5.9,T
F1 Race Stars,6.4,5.7,E
Sing Party,6,5.4,E10+
Rory McIlroy PGA Tour,6,4.3,E
LEGO The Hobbit,6.9,6.8,E10+
Lightning Returns: Final Fantasy XIII,6.9,6.6,T
NASCAR 2011: The Game,6.2,3.7,E
Transformers: Cybertron Adventures,4.1,6.5,T
NHL 2K11,6.2,5.8,E10+
Batman: Arkham Origins Blackgate,6.8,6.8,T
Shadows of the Damned,7.7,8.1,M
R.U.S.E.,7.6,8.1,T
Ultimate NES Remix,6.9,7.6,E
Tropico 4,7.8,7.7,T
R.U.S.E.,7.8,7,T
MotionSports: Adrenaline,4.1,7.4,E
Call of Juarez: The Cartel,4.7,5.7,M
Family Guy: Back to the Multiverse,4,6.4,M
Plants vs. Zombies,8.9,8.2,E10+
Batman: Return to Arkham,7.3,8.5,T
America's Test Kitchen: Let's Get Cooking,8.7,5.6,E
Tearaway Unfolded,8.1,8.1,E
Deadly Premonition,6.8,8.2,M
The Adventures of Tintin: The Game,5.9,5.7,E10+
Dragon Ball Z: Tenkaichi Tag Team,6.3,8.6,T
Etrian Odyssey Untold: The Millennium Girl,8,8.2,T
Dynasty Warriors 7: Xtreme Legends,6.4,7.8,T
Angry Birds Trilogy,6.3,3.5,E
WWE 2K17,6.8,5.5,T
Project CARS,8.1,5.8,E
Inazuma Eleven Strikers,5.9,7.9,
Atelier Ayesha: The Alchemist of Dusk,7,6.6,T
Battleborn,6.8,6.8,T
Resident Evil: Revelations,7.5,7.4,M
Tony Hawk: Shred,5.3,6.6,E
Tokyo Jungle,7.4,8.4,T
Army of Two: The Devil's Cartel,5.4,6.2,M
Puppeteer,8,8.5,E10+
Game of Thrones,5.2,5.2,M
Silent Hunter 5: Battle of the Atlantic,6.2,3.5,T
The Legend of Legacy,6.7,7.1,E10+
LEGO Star Wars III: The Clone Wars,7.6,7.5,E10+
PlayStation VR Worlds,5.9,7.1,M
Hunted: The Demon's Forge,5.7,6.2,M
Prison Break: The Conspiracy,4.2,3.8,T
Anno 2205,7.2,5.9,E10+
Michael Jackson: The Experience,6.4,6.6,E10+
Hatsune Miku: Project Diva F 2nd,7.8,8.6,T
Need for Speed Rivals,7.6,3.3,E10+
The Bureau: XCOM Declassified,6.9,6.7,M
Spider-Man: Edge of Time,5.7,6.8,T
L.A. Noire: The Complete Edition,8.3,7.9,M
TV Superstars,5.6,4.9,E
Family Guy: Back to the Multiverse,3.9,5,M
Ninja Gaiden 3,5.8,4.4,M
Sid Meier's Civilization VI,8.8,7.3,E10+
Sword Art Online: Lost Song,6.3,6.3,T
F1 2015,6.4,5.3,E
Sly Cooper: Thieves in Time,7.5,8.2,E10+
Hitman: Absolution,7.9,7,M
Stella Glow,7.9,8.7,T
Racquet Sports,5.1,8.6,E
Trials Fusion,8,7.1,E10+
Onechanbara Z2: Chaos,5.7,6.5,M
Skylanders SWAP Force,6.8,6.4,E10+
Skylanders: SuperChargers,7.6,5.5,E10+
Ys: Memories of Celceta,8.2,8.8,T
Samurai Warriors 4,7.6,8.1,T
Ace Combat: Assault Horizon Legacy,7.1,7.8,T
Dynasty Warriors Next,6.7,7.5,T
Homefront,7,5.5,M
Percy Jackson and the Olympians: The Lightning Thief,5.6,6.9,E10+
Dynasty Warriors 7,5.8,8,T
Total War: Attila,8,7.3,T
Asura's Wrath,7.1,6.5,T
NHL 17,7.7,4,E10+
Metro 2033,8.1,8.1,M
The Adventures of Tintin: The Game,6.3,6.1,E10+
Etrian Mystery Dungeon,7.7,7.9,E10+
Zumba Fitness: World Party,7.3,6.2,E
Dreamcast Collection,5.3,5.2,T
Rocket League,8.7,8.3,E
Spider-Man: Shattered Dimensions,7.5,7.7,T
X-Men: Destiny,5,4.8,T
The Testament of Sherlock Holmes,6.5,7.4,M
NBA Live 14,4.3,2.7,E
Game of Thrones,5.3,5.5,M
LEGO Marvel's Avengers,6.9,6.8,E10+
X-Men: Destiny,4.7,5,T
Pro Evolution Soccer 2014,8,4.3,E
Pure Futbol,4.6,7.5,E
Ar tonelico Qoga: Knell of Ar Ciel,6.1,5.4,M
Birds of Steel,7.3,8.4,T
DC Universe Online,7.2,6.8,T
Prince of Persia: The Forgotten Sands,7.7,8.1,T
NBA Live 15,5.9,5.6,E
Dynasty Warriors: Gundam Reborn,6.4,7.5,T
Hatsune Miku: Project Diva f,8.1,8,T
The Legend of Heroes: Trails of Cold Steel,7.7,7.5,T
Virtua Tennis 4,7,6.2,E
DiRT Showdown,7.5,6.4,E10+
XCOM 2,8.8,7.1,T
The Lord of the Rings: Aragorn's Quest,5.8,7.8,T
Grand Slam Tennis 2,7.3,5.2,E
Epic Mickey 2: The Power of Two,5.7,5.6,E
Carnival Island,6.6,5.2,E
Tom Clancy's Rainbow Six: Siege,7.9,6.9,M
TrackMania: Build to Race,7.4,6.8,E
WWE All Stars,7.1,7.4,T
Madden NFL 13,7.5,6.7,E
Transformers: Devastation,7.7,7.5,T
Toukiden Kiwami,8.2,8.6,T
Rune Factory: Tides of Destiny,5.5,7.9,E10+
Lumines: Electronic Symphony,8.3,7.8,E
Spec Ops: The Line,7.6,8.2,M
Saint Seiya: Sanctuary Battle,6.2,7.3,
Killer is Dead,6.4,7.9,M
F1 2014,6.4,4.1,E
pro evolution soccer 2011,7.8,5.4,E
Risen 2: Dark Waters,6.9,5.6,M
Soul Sacrifice Delta,8.2,8.4,M
NASCAR 2011: The Game,4.2,3.1,E
Spider-Man: Edge of Time,5.8,7.2,T
Ride,6.6,7,E
Spirit Camera: The Cursed Memoir,5.4,6.1,T
Shinobi,6.9,7.3,T
Risen 2: Dark Waters,4.7,5.2,M
MotoGP 09/10,7,5.4,E
The Sims 4: Get Together,7.2,7.3,T
Child of Eden,8.1,7.8,E10+
Dishonored 2,8.8,6.8,M
Asphalt: Injection,4.9,4.8,E10+
Lords of the Fallen,7.1,6.7,M
LEGO The Lord of the Rings,8,8.2,E10+
Senran Kagura 2: Deep Crimson ,5.8,6.8,M
Naruto Shippuden: Ultimate Ninja Storm Revolution,6.2,7.3,T
Dead Island,8,6.8,M
Hunted: The Demon's Forge,6.1,6,M
Angry Birds Star Wars,4.7,2,E
Hot Shots Tennis: Get a Grip,8,8,E
Star Wars: The Force Unleashed II,4.3,4,T
Armored Core V,6.8,7.2,T
Code Name: S.T.E.A.M.,6.9,7.7,T
The Bureau: XCOM Declassified,6.8,6.7,M
Journey,9.2,8.8,E
SBK X: Superbike World Championship,7.3,7.5,E10+
Dragon Ball: Fusions,6.8,7.6,T
Disgaea D2: A Brighter Darkness,7.4,8.1,T
Assassin's Creed Syndicate,7.4,5.9,M
World of Final Fantasy,7.7,8.6,E10+
Danganronpa Another Episode: Ultra Despair Girls,7.2,8.4,M
Pro Evolution Soccer 2012,7.9,7,E
The Wolf Among Us,8.3,8.4,M
Heroes of Ruin,6.9,7.4,T
UFC Undisputed 2010,7.4,7,T
NBA Live 15,5.3,6.8,E
Hitman: HD Trilogy,7.1,7.6,M
J Stars Victory Vs.,7.4,7.9,T
de Blob 2,7.4,7.1,E10+
Prison Break: The Conspiracy,4,4.7,T
You Don't Know Jack,8.1,7.7,T
Mega Man Legacy Collection,7.7,7.1,E
The Last Airbender,5.3,6.6,T
Defiance,6.4,6.5,M
You Don't Know Jack,8.2,7.9,T
Tony Hawk's Pro Skater 5,3.2,1.5,T
MLB 10: The Show,7.9,6.6,E
Frogger 3D,5.4,5.5,E
Dead to Rights: Retribution,6.1,7,M
Lost Planet 3,6.1,5.5,T
Assassin's Creed The Ezio Collection,7.2,7.4,M
God of War Collection,7.3,7.4,M
Anarchy Reigns,7.1,8.2,M
Sniper: Ghost Warrior 2,5.2,5.7,M
"Warhammer 40,000: Space Marine",7.4,7.4,M
Disney's Planes,5.1,5.3,E
Zombie Army Trilogy,6.2,6.8,
The Witch and the Hundred Knight,5.3,7.5,T
Code of Princess,6.7,7.6,T
Major League Baseball 2K11,7.2,6.3,E
FIFA 16,8.1,4.4,E
NBA Live 14,3.6,3.1,E
Kung Fu Rider,3.6,3.7,E10+
DarkStar One: Broken Alliance,6.3,7.2,T
Dragon Ball: Xenoverse 2,7.3,7.3,T
Odin Sphere: Leifthrasir,8.7,8.2,T
Body and Brain Connection,5.7,4.8,E
Two Worlds II,7.6,6.5,M
The Legend of Heroes: Trails of Cold Steel,8.6,7.7,T
Tekken 3D: Prime Edition,6.4,5.9,T
Front Mission Evolved,5.8,6.1,T
Apache: Air Assault,6.6,6.1,T
Dying Light,7.5,7.9,M
Zone of the Enders HD Collection,7.5,8.8,M
Earth Defense Force: Insect Armageddon,6.3,7,T
Dungeon Hunter Alliance,4.9,6.4,T
Silent Hill: Book of Memories,5.8,5.1,M
Plants vs. Zombies,8.5,7.9,E10+
Arcana Heart 3,7.3,7.5,T
Solatorobo: Red the Hunter,7.6,7.9,E10+
Castlevania: Lords of Shadow 2,6.3,7.8,M
Way of the Samurai 4,5.8,6.5,M
Major League Baseball 2K12,6.8,4.4,E
UFC Personal Trainer: The Ultimate Fitness System,6.5,2.4,E
No More Heroes: Heroes' Paradise,7.2,7.3,M
Aliens vs Predator,6.8,7.4,M
Captain America: Super Soldier,6.1,7.3,T
Bound By Flame,5.3,5.9,M
DanceMasters,6.3,5.9,E10+
LEGO Marvel's Avengers,6,7.1,E10+
Mafia III,6.3,3.2,M
Fighter Within,2.3,3,T
Shrek: Forever After,5.7,4.5,E10+
Need for Speed: The Run,6.5,6,E10+
Supreme Commander 2,7.7,6.2,E10+
Quantum Theory,4.3,5.3,M
Guitar Hero Live,8.4,6.1,T
Dynasty Warriors 8: Empires,6.3,7.5,T
SpongeBob SquigglePants 3D,6.4,6,E
Majin and the Forsaken Kingdom,7.4,8.1,T
Silent Hill HD Collection,6.9,5.6,M
South Park: The Stick of Truth,8.5,8.6,M
MLB 12: The Show,7.6,7.8,E
NBA 2K11,8.2,8.6,E
WWE All Stars,6.8,7,T
Spider-Man: Shattered Dimensions,7.3,7,E10+
Dante's Inferno,7,8.1,M
Injustice: Gods Among Us,8.2,7.9,T
Metro: Last Light,8.2,8.6,M
Evolve,7.7,4.3,M
Resident Evil: Revelations,8,7.5,M
Street Fighter X Tekken,7.9,7.5,T
The Legend of Heroes: Trails of Cold Steel II,8,7.3,T
Singstar: Ultimate Party,4.7,4.1,
Tom Clancy's Splinter Cell: Blacklist,8.2,7.4,M
Shaun White Skateboarding,6.1,6.5,T
Binary Domain,7.4,8,M
F1 2011,8.3,7.2,E
Earth Defense Force: Insect Armageddon,6.8,8.2,T
Major League Baseball 2K10,7.4,5.3,E
Saints Row IV,8.6,7.4,M
Dance Central: Spotlight,7.4,7,T
Warriors: Legends of Troy,4.4,7,M
Arcania: Gothic 4,6.3,4.4,T
Sword Art Online: Hollow Realization,6.9,7.7,T
The Lord of the Rings: War in the North,6.6,7.1,M
SBK X: Superbike World Championship,7.4,8.3,E10+
Rango: The Video Game,6.5,6.4,E10+
Fairy Fencer F,6.5,7.4,T
Shadows of the Damned,7.6,8.4,M
Heavy Fire: Afghanistan,3.9,3.3,T
Driver: San Francisco,8,7,T
Shape Up,5.8,8.3,E
Atelier Shallie: Alchemists of the Dusk Sea,7.6,7.7,E10+
CSI: Fatal Conspiracy,3.9,5.6,M
Syndicate,7.4,7.1,M
Zumba Fitness Rush,7.3,6.2,E10+
Saint Seiya: Soldiers' Soul,5.9,7.8,T
LEGO Harry Potter: Years 5-7,6.4,6.8,E10+
Corpse Party: Blood Drive,6,7.4,M
The Last Airbender,6.9,7,E10+
MotoGP 14 ,7.3,6.4,E
WWE All Stars,7,6.6,T
Valhalla Knights 3,4.8,6.8,M
Senran Kagura: Estival Versus,7.1,7.4,M
GRID Autosport,7.5,6.8,E
World of Outlaws: Sprint Cars,5.7,8.1,E
Grand Slam Tennis 2,7.1,5.1,E
Ben 10 Ultimate Alien: Cosmic Destruction,5.1,5.3,E10+
Pure Futbol,3.8,7.9,E
Aliens: Colonial Marines,4.5,3.5,M
FIFA Soccer 11,8.3,7.7,E
de Blob 2,7.9,8.1,E10+
Remember Me,7,7.5,M
Brink,7,6,T
Senran Kagura: Estival Versus,6.7,8,M
Splatterhouse,6.2,7.6,M
You Don't Know Jack,8.2,7.3,T
DiRT Showdown,7.5,6.3,E10+
How to Train Your Dragon,5.1,7,E10+
Dynasty Warriors: Gundam 3,6.5,7.8,T
MindJack,4.4,1.7,M
NBA Live 16,5.9,6.1,E
Dead or Alive Paradise,3.8,5.6,M
Dark Souls II,9.1,7.1,T
Project Spark,7.3,7,E10+
Ridge Racer,4.4,3.7,E10+
Dungeon Siege III,7.2,4.7,T
Toukiden Kiwami,7.4,7.6,T
The Secret World,7.4,8.2,M
Hitman: HD Trilogy,6.9,7.2,M
Tom Clancy's Ghost Recon: Future Soldier,7.1,4.9,M
PlayStation Move Heroes,5.3,6.1,E10+
Captain America: Super Soldier,6,6.4,T
Danganronpa 2: Goodbye Despair,8.1,8.7,M
MotoGP 10/11,6.8,6.1,E
The Lord of the Rings: Aragorn's Quest,5.8,6,T
Conception II: Children of the Seven Stars,6.2,7.6,M
Deus Ex: Mankind Divided,8.3,7.2,M
MotoGP 09/10,6.9,5.7,E
Anarchy Reigns,7.3,7.9,M
Bladestorm: Nightmare,5.8,6.5,T
LEGO Marvel Super Heroes,7.8,8.1,E10+
Demon Gaze,7,7.4,T
CSI: Fatal Conspiracy,4.2,4.8,M
Time and Eternity,4.2,5,T
The Cursed Crusade,4.5,5,M
Ridge Racer Unbounded,7.2,6,T
Mobile Suit Gundam: Extreme VS Force,5.7,7.3,E10+
NASCAR '14,6.5,5.1,E
Green Lantern: Rise of the Manhunters,6.1,6.7,T
Naval Assault: The Killing Tide,4,4.2,T
MLB 11: The Show,7.7,6,E
One Piece: Pirate Warriors 3,7.6,6.3,T
7th Dragon III Code: VFD,7.7,8.2,T
Far Cry: Primal,7.4,4.8,M
Driver: San Francisco,6.4,6.2,T
Dengeki Bunko Fighting Climax,6.6,8.2,T
Clash of the Titans,4.2,4.1,T
Mirror's Edge Catalyst,7.2,4.4,T
Stronghold 3,4.7,3,T
F1 2011,5.9,6.8,E
Doctor Lautrec and the Forgotten Knights,5.3,6.1,E10+
Apache: Air Assault,7,6.4,T
Aliens: Infestation,7.6,8.2,T
Return to PopoloCrois: A Story of Seasons Fairytale,7.2,6.8,E10+
Angry Birds Trilogy,6.6,3.7,E
El Shaddai: Ascension of the Metatron,7.5,7,T
Murdered: Soul Suspect,5.1,7,M
Warriors Orochi 3,7.1,8.1,T
Hyperdimension Neptunia Victory,5.5,7.8,T
The Crew,7.1,6.4,T
Create,6.1,5.2,E
The Sims 3: Seasons,7.3,7.5,T
Angry Birds Star Wars,5.3,6.9,E
NBA 2K12,8.6,7.1,E
BioShock The Collection,8.4,8.3,M
Bulletstorm,8.2,7.7,M
Putty Squad,3.8,2.9,E10+
Ar Nosurge: Ode to an Unborn Star,6.7,7.8,T
Shaun White Skateboarding,6.1,5.3,T
Wildstar,8.2,7.4,T
Dynasty Warriors 8: Xtreme Legends,6.8,6.8,T
Sniper: Ghost Warrior,5.5,5.5,M
Fist of the North Star: Ken's Rage,5.9,7.3,M
James Noir's Hollywood Crimes,6,6.6,T
Lufia: Curse of the Sinistrals,8,8,E10+
Mugen Souls,5.5,7.3,T
F.E.A.R. 3,7.4,5.9,M
Fantasia: Music Evolved,7.7,7.5,E10+
Wolfenstein: The Old Blood,7.5,8,
Naruto: Powerful Shippuden,7.1,5.4,E10+
The Adventures of Tintin: The Game,5.6,5.7,E10+
Dynasty Warriors 8,6.5,7.5,T
Birds of Steel,7.7,8.9,T
Darksiders II,8.1,7.8,M
DiRT 3,8.6,6.9,T
Darksiders II,8.5,8.2,M
Tears to Tiara II: Heir of the Overlord,6.5,8.7,T
de Blob 2,7.7,7.5,E10+
Marvel Super Hero Squad: The Infinity Gauntlet,5.5,6.3,E10+
Prince of Persia: The Forgotten Sands,5.7,6.3,E10+
Oreshika: Tainted Bloodlines,7.8,8,T
Darksiders,8.3,7.8,M
Megamind: Ultimate Showdown,4.3,4.2,E10+
Thor: God of Thunder,5.6,8,T
Battleborn,7.1,7.2,T
The King of Fighters XIV,7.9,8.7,T
Sword Art Online: Hollow Realization,6,7,T
Deponia,7.4,8.2,
High Velocity Bowling,6.6,8.1,E10+
LEGO Harry Potter Collection,7.3,8.1,E10+
The Legend of Heroes: Trails of Cold Steel II,9,7.8,T
Ys: The Oath in Felghana,8,8.3,T
Lego Star Wars: The Force Awakens,7.4,8,E10+
The Cursed Crusade,3.9,4.4,M
Earth Defense Force 2025,6.8,8.1,M
Pac-Man Party 3D,4.3,5.4,E
WWE '13,7.4,6,T
Rayman Origins,7.1,6.3,E10+
Summon Night 5,7.4,8.3,T
Black * Rock Shooter: The Game,6.6,7.2,T
ReCore,6.3,6.6,T
F1 2012,8,6.9,E
Terraria,8.3,8.5,T
Record of Agarest War 2,5.6,7.2,T
Skylanders Giants,5.9,5,E10+
BlazBlue: Chrono Phantasma Extend,8,7.7,T
Syndicate,7.5,6.5,M
Cave Story 3D,8.2,7.7,E10+
Alien: Isolation,8.1,8.4,M
Just Cause 3,7.4,5.3,M
Thor: God of Thunder,3.8,5.7,T
Farming Simulator 2013,4,2.9,E
Thor: God of Thunder,3.9,4.4,T
Skylanders Imaginators,8,5.5,E10+
Top Spin 4,5.4,7.4,E
XCOM 2,8.8,8,T
Pro Evolution Soccer 2015,7.9,7.3,E
Risen 2: Dark Waters,6,6,M
Cities: Skylines,8.5,8.9,E
Shovel Knight,9,8.2,E
Power Gig: Rise of the SixString,3.6,0.5,T
Odin Sphere: Leifthrasir,9.3,7.9,T
Homefront: The Revolution,4.9,4.1,M
TRINITY: Souls of Zill O'll,5.5,6.2,T
Virtua Tennis 4,6.5,7.5,E
7 Days to Die,4.5,5.9,M
Rayman Legends,8.7,8.4,E10+
Transformers: Devastation,7.5,7.9,T
The Darkness II,7.7,7.6,M
Dynasty Warriors 7: Empires,6.3,8,T
Dead Island Definitive Collection,6.3,6.4,M
How to Train Your Dragon,5.8,7.6,E10+
Battlefield: Hardline,7.1,3.8,M
Brothers: A Tale of Two Sons,8.1,8.6,T
Dead Rising 2,7.8,6.3,M
Create,6,5.8,E
NCIS,3.5,4.7,T
Persona 4: Arena Ultimax,8.4,8.1,T
BIT.TRIP SAGA,7.5,7.8,E
Call of Duty: Infinite Warfare,7.3,3,M
Red Orchestra 2: Heroes of Stalingrad,7.6,7.3,M
Your Shape: Fitness Evolved 2013,7.6,6.3,E10+
Hulk Hogan's Main Event,2.6,2.2,T
Divinity II: The Dragon Knight Saga,7.2,7.8,M
Life is Strange,8.5,8.7,M
Kung-Fu: High Impact,5.6,7.8,T
Euro Truck Simulator 2,7.9,8.7,
Gravity Rush Remastered,8,8.2,T
Dengeki Bunko Fighting Climax,7.5,8.5,T
Total War: WARHAMMER,8.6,7.3,T
LEGO Legends of Chima: Laval's Journey,6.4,6.6,E10+
Batman: Arkham Knight,7,2.5,M
F1 2011,6.6,6.2,E
Venetica,4.2,7.3,T
Persona 4: Arena,8.3,7.3,T
Final Fantasy XIV: Heavensward,8.6,7.6,T
Watch Dogs,6.2,6.4,M
BlazBlue: Continuum Shift II,7.7,6.8,T
Game Party: Champions,2.4,3.5,E
Green Lantern: Rise of the Manhunters,4.2,3.9,E10+
Deception IV: Blood Ties,6.7,7.5,M
Rango: The Video Game,6.8,8,E10+
One Piece: Unlimited World Red,6.7,7.8,T
Naruto Shippuden: Kizuna Drive,5.7,5,T
Steel Battalion: Heavy Armor,3.8,2.4,M
Green Lantern: Rise of the Manhunters,5.9,7.2,T
Hyperdevotion Noire: Goddess Black Heart,6.8,7.1,T
NBA 2K13,8.5,7,E
Project CARS,8.3,7.1,E
Just Cause 2,8.4,7.7,M
Crush3D,7.1,7.4,E10+
NeverDead,5,4.7,M
DiRT Rally,8.6,8,E
Gladiator Begins,5.9,8,M
Sleeping Dogs,8.1,8.2,M
Conception II: Children of the Seven Stars,6.2,7.7,M
Everybody Dance,6.6,6.8,T
Blackwater,3.7,4.5,T
Tom Clancy's Ghost Recon,4.6,6.8,T
Thor: God of Thunder,6.4,7.2,E10+
Touch My Katamari ,6.9,7.4,E10+
PixelJunk Monsters Deluxe,8.6,7.9,E
Killer is Dead,6.4,7.2,M
Don Bradman Cricket 14,7.6,7.4,E
Megamind: Ultimate Showdown,3.3,4.3,E10+
Atelier Sophie: The Alchemist of the Mysterious Book,7.5,8.1,
NCIS,5,4,T
Supremacy MMA,4.7,6.5,M
Venetica,4.7,6.5,T
Robinson: The Journey,6.5,6.9,
Conduit 2,6.4,7.6,T
Rise of the Tomb Raider,8.6,7.9,M
Hatsune Miku: Project Diva X,8.3,8,T
Dishonored 2,8.6,6,M
Fat Princess: Fistful of Cake,7.4,8.7,T
Tony Hawk's Pro Skater 5,3.9,2.1,T
Rodea the Sky Soldier,4.5,6.5,E10+
Power Gig: Rise of the SixString,3.6,2.1,T
nail'd,6.6,6.2,E10+
Marvel Avengers: Battle for Earth,5,5,T
Alice: Madness Returns,7.5,8.4,M
Tom Clancy's Splinter Cell: Blacklist,7.5,7.8,M
Spider-Man: Edge of Time,5,6.4,T
Samurai Warriors 4-II,7.3,7.3,T
Lost Planet 3,5.8,5.8,T
LEGO Batman 2: DC Super Heroes,7.7,7.3,E10+
Tropico 5,7.5,7,T
Reality Fighters,5.4,3.8,T
FIFA 17,8.4,4.2,E
Armored Core: Verdict Day,6.6,7.4,T
Lost in Shadow,6.8,8.7,E10+
Darkspore,6.5,6,T
Self-Defense Training Camp,2.1,5,T
Deception IV: Blood Ties,7,8.2,M
Lost Horizon,7.7,7.9,T
Rugby 15,1.9,3.4,E
Puzzle Quest 2,7.4,5.8,E10+
Disney Art Academy,7.2,6.8,E
Hyperdimension Neptunia U: Action Unleashed,7.1,6.8,T
Blood Drive,4,6.5,M
Fatal Frame: Maiden of Black Water,6.7,7.6,M
MLB 13: The Show,7.5,7.5,E
Split/Second,6.3,6.7,E10+
Dementium II,7.5,8.3,M
BlazBlue: Calamity Trigger Portable,8.2,7.8,T
de Blob 2,7.5,8.2,E
Call of Juarez: The Cartel,5.1,3.3,M
JASF: Jane's Advanced Strike Fighters,4.1,3.1,T
Digimon Story: Cyber Sleuth,7.5,8.5,T
Ridge Racer Unbounded,7.1,7.7,T
John Daly's ProStroke Golf,5.8,4.1,E
Truth or Lies,2.8,5.2,T
Gabrielle's Ghostly Groove 3D,6.2,7.4,E
Valkyrie Drive: Bhikkhuni,7.2,8.5,M
Bodycount,5,3.5,M
Samurai Warriors 4,7.6,8.6,T
Bodycount,5.3,4.7,M
Michael Phelps: Push the Limit,4.8,3.5,E
Batman: Return to Arkham,7.7,8.2,T
Blazblue: Continuum Shift Extend,8.3,7.5,T
RIGS: Mechanized Combat League,7.9,7.9,T
NBA Live 16,6,5.6,E
Sonic Generations,7.7,8.3,E
[Prototype 2],7.6,6.4,M
Zombie Army Trilogy,6.2,7.2,
Cabela's North American Adventures,5.1,9,T
God Eater 2: Rage Burst,6.9,8,T
BlazBlue: Continuum Shift II,6.4,6.1,T
NASCAR '14,6.7,4.6,E
Shrek: Forever After,6.2,6.2,E10+
Pro Evolution Soccer 2016,8.5,6.2,E
ArmA III,7.4,7.4,M
MLB 14: The Show,6.8,7,E
Tom Clancy's Splinter Cell: Conviction,8.3,5.2,M
Dragon Ball Z: Battle of Z,6.6,7.5,T
Aquapazza: Aquaplus Dream Match,7.5,7.8,T
Stronghold Kingdoms,7.5,4.9,
Lucha Libre AAA: Heroes del Ring,5.4,7.1,T
Pac-Man and the Ghostly Adventures 2,6,6.5,E10+
"Sakura Wars: So Long, My Love",7.5,7.3,T
Mind Zero,5.9,6,T
Family Feud: 2012 Edition,4.7,5.3,E10+
Sacred 3,5.6,3.4,M
Wasteland 2,8.1,7.3,M
The First Templar,5.2,6.3,T
Pro Evolution Soccer 2014,7.4,4.4,E
Blades of Time,5.2,6.5,M
Ride,5.4,5.3,E
NASCAR The Game: Inside Line,7.2,3.4,E
The Sims 4: City Living,7.7,5.7,T
Scribblenauts Unmasked: A DC Comics Adventure,7.1,6.3,E10+
Terraria,8.5,7.8,T
Scribblenauts Unmasked: A DC Comics Adventure,6.8,6.2,E10+
Resident Evil: Revelations 2,6.5,7.8,M
Harry Potter and the Deathly Hallows - Part 1,3.7,4.1,T
Resident Evil: Revelations 2,7.5,7.5,M
nail'd,6.4,7.1,E10+
Pinball Hall of Fame: The Williams Collection,6.7,7.3,E10+
X-Men: Destiny,3.6,4.5,T
Harry Potter and the Deathly Hallows - Part 2,4.3,5,
Steins;Gate,8.3,9.2,M
Ultra Street Fighter IV,7.1,5.9,T
EVE: Valkyrie,7.3,6.3,T
The Crew: Wild Run,7.3,6.8,T
Natural Doctrine,5.3,6,M
NeverDead,5.2,5.5,M
Blades of Time,5.3,7.2,M
Thor: God of Thunder,5.5,4.2,T
Cubic Ninja,5.1,5.9,E
F1 2014,6.1,4.8,E
MySims SkyHeroes,5.6,5.5,E10+
Shovel Knight,8.8,8.3,E
Operation Abyss: New Tokyo Legacy,6.6,7.3,M
Samurai Warriors 4: Empires,7.1,6.5,T
Cartoon Network: Punch Time Explosion,5.8,5.9,E10+
Skylanders Imaginators,7.8,6,E10+
One Piece: Burning Blood,6.2,7.8,T
Rio,6,7,E10+
Ultimate Marvel vs. Capcom 3,8,6.2,T
MindJack,4.3,1.2,M
Brain Age: Concentration Training,7.1,7.9,E
Pac-Man and the Ghostly Adventures 2,5.9,6.3,E10+
Dungeons,6.5,4.6,M
Winter Stars,4.6,6.5,E
Arcania: Gothic 4,6.4,5.2,T
Teenage Mutant Ninja Turtles: Mutants in Manhattan,4.4,5.5,T
Steins;Gate 0,8.6,9.3,M
Football Manager 2017,8.1,4.3,E
Army Corps of Hell,5.7,6.6,M
Jimmie Johnson's Anything With an Engine,6.5,8.8,E10+
Digimon All-Star Rumble,4.9,5.8,E10+
Driver: Renegade,4.8,5,M
Yaiba: Ninja Gaiden Z,4.3,4.5,M
Castlevania: Lords of Shadow 2,7,7.8,M
Pro Evolution Soccer 2012,7.7,6.4,
Michael Jackson: The Experience,5.7,5.8,E10+
JASF: Jane's Advanced Strike Fighters,4.5,4.5,T
Disgaea Infinite,6.4,4.4,T
Phantom Brave: The Hermuda Triangle,6.5,7.3,T
Pokemon Rumble World,5.8,6.4,E10+
Last Rebellion,4.4,4.6,T
DriveClub VR,6.7,7.4,E
Quantum Theory,3.7,3.6,M
Back to the Future: The Game,6.6,6.8,
Arslan: The Warriors of Legend,6.9,6.6,T
Mahjong Cub3D,6.7,5.3,E
Blazblue: Continuum Shift Extend,7.3,7.5,T
Wolfenstein: The Old Blood,7.6,7.6,M
GRID Autosport,7.5,6,E
Knights in the Nightmare,7.5,7.7,T
Terraria,7.1,7.1,T
Risen 3: Titan Lords,6.5,5.7,M
Spider-Man: Edge of Time,6.2,5.2,T
Rock Band 3,7.9,5.5,E10+
Red Faction: Armageddon,7.5,6.7,M
BIT.TRIP COMPLETE,8.4,8.7,E
Rugby 15,2,3.1,E
Data East Arcade Classics,5.6,8.2,T
The Smurfs 2,4.2,5.6,E
Lara Croft and the Temple of Osiris,7.4,6.7,T
Puss in Boots,7,7,E10+
Gray Matter,7.2,7.7,T
NASCAR The Game: Inside Line,7.6,4.5,E
BlazBlue Central Fiction,8.5,7.6,T
Nano Assault,7.5,7.7,E10+
Captain America: Super Soldier,5.1,5,T
How to Train Your Dragon 2,4.7,4.9,E10+
Bejeweled 3,8.2,8.1,E
The Golf Club,6.6,6.3,E
God Eater Resurrection,7,7.8,T
Shovel Knight,9,7.6,E
Invizimals: The Alliance,6.9,6.8,E10+
Pro Evolution Soccer 2013,8,6.9,E
Battleborn,6.9,6.9,T
Mega Man Legacy Collection,7.7,6.1,E
Knights Contract,5.1,6,M
Adventure Time: The Secret of the Nameless Kingdom,6.5,5.6,E10+
Risen 3: Titan Lords,3.6,3.7,M
Titanfall 2,8.5,8,M
Persona 4: Arena Ultimax,8.5,7.4,T
Supremacy MMA,4.9,6.2,M
Major League Baseball 2K11,7.4,5.9,E
Warriors Orochi 3 Hyper,6.4,7.4,T
PAC-MAN and the Ghostly Adventures,5.1,3.1,E10+
Sniper: Ghost Warrior 2,5.2,5.8,M
"Warhammer 40,000: Dawn of War II - Retribution",8,7.8,M
Knights Contract,4.9,5.6,M
PAC-MAN and the Ghostly Adventures,4.9,5.1,E10+
The First Templar,5.7,5.8,T
Game of Thrones,5.8,6.5,M
Lost Dimension,7.2,8.3,T
Resident Evil 6,6,6.7,M
Assassin's Creed: Rogue,7.4,7.5,M
X Rebirth,3.3,3.3,T
Song of the Deep,6.9,7.3,E
Assassin's Creed The Ezio Collection,7.4,7.6,M
Metal Gear Solid V: The Phantom Pain,9.1,7.7,M
Valentino Rossi: The Game,7.5,8,E
Samurai Warriors Chronicles 3,6.3,6.1,T
Serious Sam 3: BFE,7.2,8.2,
Need for Speed: Most Wanted,8.2,8.5,T
Zero Escape: Zero Time Dilemma,8.1,8.5,M
Rayman Origins,8.6,8.4,E10+
Jimmie Johnson's Anything With an Engine,6.7,6.8,E10+
Grand Ages: Medieval,6.4,7.1,T
Lost Dimension,7.1,7.3,T
Legend of the Guardians: The Owls of Ga'Hoole,6,8,E10+
Blood Drive,4.7,7,M
Escape Dead Island,4,3.5,M
Damage Inc.: Pacific Squadron WWII,4.9,5.5,T
Toy Soldiers: War Chest,6.2,7.7,
Emergency 2012,6.1,6.2,T
Fairy Fencer F: Advent Dark Force,7.1,6.2,T
Dark Souls III,8.9,8.6,M
Grand Kingdom,7.8,8.1,T
Escape Dead Island,3.2,3.8,M
Operation Flashpoint: Red River,6.7,4.9,M
Child of Light,8.3,7.8,E10+
Tokyo Twilight Ghost Hunters,6.3,7,T
Saint Seiya: Brave Soldiers,5.5,7.4,
Earth Defense Force 2: Invaders from Planet Space,7.2,8.5,T
Dynasty Warriors 8: Empires,5.8,6.8,T
Mugen Souls Z,5.7,6.4,T
The Testament of Sherlock Holmes,7.3,8,M
Eagle Flight,7.2,7.8,E10+
Goodbye Deponia,8,7.9,
The Book of Unwritten Tales 2,6.3,8.6,
Inversion,5.6,5.4,M
Ultimate Marvel vs. Capcom 3,7.9,6.2,T
Assassin's Creed Chronicles,7,8,T
Top Gun,4.9,4.4,T
Dragon Ball Z: Battle of Z,5.3,5.1,T
Terraria,8.3,7.9,T
TRON: Evolution,5.7,6,T
The Guided Fate Paradox,7.4,7.8,T
Mayhem 3D,4.7,8.6,E10+
Cities XL 2012,6.1,5.6,E
Natural Doctrine,6,7.5,M
Broken Sword 5: The Serpent's Curse,7.2,7.2,T
Alan Wake,8.3,8,T
Risen 3: Titan Lords,4.4,4.4,M
GRID 2,8,5.7,E
Criminal Girls: Invite Only,5.5,6.7,M
Samurai Warriors Chronicles 3,7,7.9,T
One Piece: Unlimited World Red,6.6,7.8,T
Mario vs. Donkey Kong: Tipping Stars,7,7.5,E
Tournament of Legends,4.5,6.9,T
Fist of the North Star: Ken's Rage 2,5.5,7.1,M
Monster Tale,7.9,8,E
Mirror's Edge Catalyst,7.4,4.4,T
Assetto Corsa,7.3,6.2,E
One Piece: Burning Blood,6,5.8,T
TrackMania Turbo,7.6,7.7,E
Pro Evolution Soccer 2015,8.2,5.8,
Zero Escape: Zero Time Dilemma,8.3,8.3,M
Unchained Blades ,6.1,7.5,T
Steins;Gate,8.3,8.7,M
Nights of Azure,6.7,7.6,T
Age of Empires Online,7,5.6,E10+
Earth Defense Force 2017 Portable,6.8,7.9,T
The LEGO Movie Videogame,6.8,6.8,E10+
DuckTales: Remastered,7.6,7.9,E
MX vs. ATV Supercross,4.8,4.8,E
Grand Kingdom,7.6,8.8,T
Earth Defense Force 4.1: The Shadow of New Despair,6.4,7.9,M
The Technomancer,6,6.7,M
Blur,8.1,7.4,E10+
The Next BIG Thing,7.5,7.9,E10+
Song of the Deep,6.6,6.9,E
Dead Rising 2: Off the Record,6.6,5.3,M
Create,5.4,6.8,E
Devil's Third,4.3,6.5,M
Lord of Magna: Maiden Heaven,6.8,7.8,T
Adventure Time: The Secret of the Nameless Kingdom,5.8,7.5,E10+
Toy Soldiers: War Chest,6,8.4,
Inversion,5.3,6.5,M
Exist Archive: The Other Side of the Sky,7.1,8.3,T
Ivy the Kiwi?,7.4,7.2,E
Top Gun: Hard Lock,5.4,3.5,T
Street Fighter V,7.4,2.9,T
MX vs. ATV Supercross Encore,4.2,4.1,E
Tropico 5,7.1,7.2,T
Rugby World Cup 2015,2.5,1.9,E
X-Men: Destiny,3.3,5.6,E10+
Tokyo Twilight Ghost Hunters,6.4,6.4,T
MotorStorm RC,7.8,6.8,E
Remember Me,6.5,7.4,M
Ride to Hell,1.9,1.3,M
Rocket League,8.6,8.2,E
7 Days to Die,3.5,5.2,M
F1 2010,8.4,6.6,E
Hearts of Iron IV,8.3,6.9,
Enemy Front,4.3,6,M
Front Mission Evolved,6.3,5.1,T
The Lost Chronicles of Zerzura,7.6,6.7,
Murdered: Soul Suspect,5.9,7.4,M
Airline Tycoon 2,5.7,5.5,E
IL-2 Sturmovik: Cliffs of Dover,6,7.1,T
Mighty No. 9,5.2,3.5,E10+
Dead or Alive Xtreme 3: Fortune,4.3,7.8,
Men of War: Assault Squad,7.7,8.2,T
Dead Island Definitive Collection,6.7,4.9,M
PAC-MAN and the Ghostly Adventures,5.8,6.5,E10+
F1 2015,6.1,3.6,E
Hunted: The Demon's Forge,6.1,6.6,M
Lucha Libre AAA: Heroes del Ring,4.9,6.3,T
Tom Clancy's HAWX 2,6.6,3.8,T
Killing Floor 2 ,7.6,8,M
Mortal Kombat X,7.6,5.1,M
Cities in Motion,7,7.7,E
Bladestorm: Nightmare,4.8,7.1,T
TNA iMPACT: Cross the Line,5,6.5,T
Sacred 3,5.1,4.1,M
Wasteland 2,7.7,7.1,M
DoDonPachi Resurrection,7.7,8.6,
MorphX,3.3,6.6,M
The Bureau: XCOM Declassified,6.6,6.5,M
Back to the Future: The Game,6.6,4.1,T
Steins;Gate 0,8.1,8.3,M
Ivy the Kiwi?,6.9,6.3,E
Zumba Fitness Core,7.7,6.7,E10+
Metroid Prime: Federation Force,6.4,5.1,T
Payday 2,7.9,3.4,M
Hatsune Miku: Project Diva X,7.8,7.4,T
Grand Ages: Medieval,6.3,5.4,T
Saints Row: Gat out of Hell,6.4,5.7,M
Plants vs. Zombies: Garden Warfare 2,8.2,7.5,E10+
Singularity,7.6,7.7,M
NASCAR Heat Evolution,6.6,3.8,E
Child of Light,8.2,8,E10+
DuckTales: Remastered,7.5,7.4,E
Worms Reloaded,7.9,6.8,E10+
Ship Simulator Extremes,4.9,6.2,E
Pro Evolution Soccer 2017,8.7,6.1,E
FIFA Manager 12,7.2,3.9,E
XCOM 2,8.7,8.1,T
Yaiba: Ninja Gaiden Z,5,5.3,M
Rock of the Dead,4.8,4.8,T
Ride 2,7.1,8,E
Root Letter,7.8,7.8,M
Resident Evil 6,6.3,6.3,M
Sébastien Loeb Rally Evo,7.1,8.1,E
Life is Strange,8.3,8.6,M
Battlezone,6.6,7,T
Pro Evolution Soccer 2016,7.6,4.3,E
Teenage Mutant Ninja Turtles: Mutants in Manhattan,5.5,6,T
Enemy Front,3.5,5.8,M
Shantae and the Pirate's Curse,8.2,8.5,E10+
Nobunaga's Ambition: Sphere of Influence,8,8.1,T
Corpse Party: Book of Shadows,6.7,8.2,M
LEGO Friends,4.3,8.3,E
Brothers: A Tale of Two Sons,8.1,8.9,T
Attack of the Movies 3D,3.8,1.7,T
Nitroplus Blasterz: Heroines Infinite Duel,7,6.9,T
Split/Second,7.9,8.2,E10+
Resident Evil 6,6.9,5.9,M
Ride to Hell,1.3,1,M
Gravity Falls: Legend of the Gnome Gemulets,4.6,5.8,E
Rodea the Sky Soldier,4.5,5.6,E10+
Deadliest Warrior: Ancient Combat,3.7,6.3,M
The Kore Gang,7,8.6,E10+
Rugby Challenge 3,6.4,6.8,E
Stellaris,7.8,8,
Test Drive: Ferrari Legends,6.2,4.9,E
Psycho-Pass: Mandatory Happiness,7.2,8.3,T
Virtua Tennis 4,6.6,7.3,E
Unchained Blades ,6.5,7.8,T
Terraria,8.4,7.7,T
Men of War: Vietnam,6.8,4.9,T
Patrician IV,6.6,6.4,E
Resident Evil: Revelations,7.7,7,M
Dead Rising,7.8,6.6,M
CSI: Fatal Conspiracy,4.7,5.5,M
Resident Evil: Operation Raccoon City,4.8,3.8,M
JASF: Jane's Advanced Strike Fighters,4.8,3.1,T
Off-Road Drive,6,6.4,
LEGO Jurassic World,7.2,7.1,E10+
Lost Planet 3,6.1,6.2,T
Beyblade Evolution,4.9,6.3,E
Castlevania: Lords of Shadow 2,5.8,7.7,M
Exist Archive: The Other Side of the Sky,6.9,7.9,T
Assassin's Creed Chronicles: China,6.9,6.4,T
Worms: Ultimate Mayhem,6.6,7.8,E10+
Ray Gigant,7.2,8.1,T
APB Reloaded,5.6,5.7,M
Legasista,6.8,6.3,T
Trine 2,8.4,8.4,E10+
Transport Fever,7,7,
Homefront: The Revolution,5.4,3.5,M
Just Dance 2017,7.5,8,E10+
Stranger of Sword City,7.1,8,T
Pro Cycling Manager 2016,6.4,4.8,
Infamous: First Light,7.3,7.5,T
Tour de France 2014,5.3,5.1,E
The Night of the Rabbit,7.5,7.5,
A Game of Thrones: Genesis,5.3,4,
The Cursed Crusade,5.5,6,M
Duke Nukem 3D: 20th Anniversary World Tour,7.7,6.9,M
Alpha Protocol,7.2,7.5,M
JoJo's Bizarre Adventure: Eyes of Heaven,6.1,7.4,T
Supreme Ruler: Cold War,6.3,6.8,RP
Yumi's Odd Odyssey,7.4,7.7,E
Apache: Air Assault,6.4,7.5,T
Deus Ex: Mankind Divided,8.3,6.1,M
Prince of Persia: The Forgotten Sands,7.5,6.6,T
Song of the Deep,7.3,6.3,E
The Binding of Isaac,8.4,8.3,
Jikandia: The Timeless Land,6,7.2,T
DiRT Rally,8.6,8.7,E
Trials Fusion,8,6.8,E10+
Prison Architect,8,8,M
Sorcery Saga: The Curse of the Great Curry God,6.5,7.3,T
Zero Escape: Virtue's Last Reward,8.8,8.8,M
Darkstalkers Resurrection,8,7.3,T
Transformers: Devastation,7.4,7.6,T
The Golf Club,6.4,5.4,E
Worms: WMD,7.8,7.6,E10+
Rabbids Land,5.2,5.2,E10+
Take On Helicopters,7,6.7,T
The Inner World,7.2,8.1,
Valentino Rossi: The Game,7.4,8.1,E
Star Wars: The Force Unleashed II,5.9,5.8,T
Doom 3 BFG Edition,5.9,5.3,M
Lords of the Fallen,7.3,6.9,M
The Wolf Among Us,8.3,7.7,
NBA 2K13,9,6.8,E
Commander: Conquest of the Americas,6.8,5.2,T
LEGO Pirates of the Caribbean: The Video Game,7.3,6.6,E10+
Mighty No. 9,4.8,4.6,E10+
Superdimension Neptune vs Sega Hard Girls,7.3,8.4,T
The Talos Principle,8.8,8.4,E10+
Ride,6.8,4.8,E
LEGO Harry Potter: Years 1-4,7.9,7.9,E10+
Bus Simulator 16,4.6,6.1,
Botanicula,8.2,8.3,
MX vs. ATV Supercross,5.8,3.5,E
XBLAZE Code: Embryo,4.3,7.4,M
Dead Rising 2,8.2,6.6,M
Age of Conan: Rise of the Godslayer,8.3,8.4,M
Magicka,7.4,7.6,T
The Technomancer,6.8,7.4,M
The Peanuts Movie: Snoopy's Grand Adventure,5.9,6.6,E
Aegis of Earth: Protonovus Assault,5.7,7.8,T
Divinity II: Flames of Vengeance,7.2,8.3,M
Air Conflicts: Secret Wars,6.5,6.4,T
Lost Planet 2,6.3,6.3,T
Agatha Christie's The ABC Murders,6.7,6.2,T
Captain Morgane and the Golden Turtle,5.4,6.2,
Legend of Kay Anniversary,6.2,6.4,E10+
GRID Autosport,7.8,6.2,E
Final Fantasy XIV: Heavensward,8.6,7.7,T
Omega Quintet,5.8,7.1,T
Capcom Digital Collection,6.5,5.3,T
Here They Lie,6.2,6.5,M
Cities XL 2011,7,5.7,E
Star Trek Online,6.6,6.2,T
Anima - Gate of Memories,5.2,7.9,T
Tropico 4: Modern Times,7.8,8,T
Psycho-Pass: Mandatory Happiness,6.4,7.3,T
Phoenix Wright: Ace Attorney Trilogy,8.1,9,T
Dino Dini's Kick Off Revival,3.1,4.5,
Street Fighter X Tekken,7.9,6.4,T
Plants vs. Zombies: Garden Warfare,7.8,7.8,E10+
F1 Race Stars,6.2,5.4,E
Dungeon Defenders,8.1,7.3,E10+
Touhou Genso Rondo: Bullet Ballet,5.5,4.7,E10+
Sniper Elite V2,5.8,5.8,M
Sacred 3,5.7,1.4,M
Pro Evolution Soccer 2017,6.9,3.7,E
The Awakened Fate Ultimatum,6.5,7.3,T
Xblaze: Lost Memories,6.3,6.2,M
Carmageddon: Max Damage,5.2,7.1,M
RollerCoaster Tycoon World,4.3,2.4,E
Oil Rush,6.7,6.5,
Darksiders: Warmastered Edition,7.9,8.5,M
Agatha Christie: The ABC Murders,6.6,8.5,
Lara Croft and the Temple of Osiris,7.3,5.4,T
Fist of the North Star: Ken's Rage 2,4,5.8,M
Dynasty Warriors 8: Empires,7,7.4,T
Tenkai Knights: Brave Battle,2.6,2.4,E10+
Battle Princess of Arcadias,6.9,7.9,T
Ridge Racer Unbounded,7.2,6,T
Tom Clancy's Splinter Cell Classic Trilogy HD,6.7,6.8,M
Mighty No. 9,5.5,4.2,E10+
Trapped Dead,5,4.7,
uDraw Studio: Instant Artist,5.4,5.7,E
The Testament of Sherlock Holmes,6.4,7.6,M
The Crew: Wild Run,6.5,6.6,T
Marvel Avengers: Battle for Earth,6.2,7.3,T
Darksiders,8.2,7.9,M
The Crew: Wild Run,7.4,7.4,T
Pillars of Eternity,8.9,8.3,M
James Bond 007: Blood Stone,6.3,7.1,T
Prototype: Biohazard Bundle,4.8,2,M
Blood Bowl: Legendary Edition,7.3,6.4,T
Invizimals: The Lost Kingdom,5,5,E10+
Mark McMorris Infinite Air,4.9,6,T
Dungeons - The Dark Lord,7.2,5.6,M
Divinity: Original Sin,8.7,8.7,M
Broken Sword 5: The Serpent's Curse,7.7,7.2,T
The Haunted: Hell's Reach,5.1,7.6,M
Disciples III: Renaissance,5.6,5.4,T
Dark Void,5.7,5.1,T
Achtung Panzer: Kharkov 1943,7,8.3,
Quantum Break,6.6,4.3,M
DuckTales: Remastered,6.6,7.6,E
Assetto Corsa,6.3,6.7,E
Contrast,6.2,7.7,T
Valentino Rossi: The Game,7.2,6.2,E
Sengoku,7,6.8,T
Republique,7.2,5.8,M
NBA 2K17,9,6.3,E
Super Stardust Ultra VR,6.6,6.2,E10+
Azure Striker Gunvolt,7.7,8.4,E10+
Don Bradman Cricket 14,7.3,6.9,E
War for the Overworld,6.5,7.7,
Darksiders: Warmastered Edition,8,7.9,M
The Technomancer,5.6,6.8,M
Madden NFL 13,8.3,5.5,E
htoL#NiQ: The Firefly Diary,5.8,7.7,T
Worms: WMD,7.5,8.1,E10+
Doki-Doki Universe,6.6,5.7,E10+
Sherlock Holmes: The Devil's Daughter,6.5,7.3,T
Prototype: Biohazard Bundle,5.6,3.1,M
Agatha Christie's The ABC Murders,6.6,7.5,
Battle Worlds: Kronos,7.1,7.1,
Dokuro,7.6,8,E10+
Goat Simulator,5.3,6.3,T
Legend of Kay Anniversary,6.7,7.1,E10+
Mario vs. Donkey Kong: Tipping Stars,7,7.4,E
Cities: Skylines Snowfall,7.2,7.1,
Act of Aggression,7.1,7.1,
TrackMania Turbo,7.9,6.8,E
Super Dungeon Bros,4.2,2.3,E10+
Sherlock Holmes: The Devil's Daughter,7,6.8,T
Root Letter,6.9,7.5,
Ride 2,7.8,7.9,E
Art Academy: Home Studio,8.2,8.3,E
Dungeons 2,6.1,7.9,T
Carmageddon: Max Damage,5.1,5.5,M
The Eye of Judgment: Legends,6.9,7.9,E10+
Transformers: Fall of Cybertron,7.8,7.9,T
Saints Row: Gat out of Hell,6.5,6,M
Dragon Ball Z for Kinect,4.9,2.1,T
Sébastien Loeb Rally Evo,6.3,8.2,E
Fast Racing Neo ,8.1,8.5,E
Prison Architect,7.4,6.7,
Metal Gear Solid V: Ground Zeroes,8,7.6,M
Breach,6.1,5.8,T
STORM: Frontline Nation,6,7.2,E10+
