Province,Student Type,2018 / 2019,2019 / 2020,2020 / 2021
Newfoundland and Labrador,Canadian undergraduate,"2,971","2,975","3,078"
Newfoundland and Labrador,Canadian graduate,"2,950","2,894","2,825"
Newfoundland and Labrador,International undergraduate,"12,042","11,983","12,037"
Newfoundland and Labrador,International graduate,"4,081","4,089","4,082"
Prince Edward Island,Canadian undergraduate,"6,632","6,748","6,881"
Prince Edward Island,Canadian graduate,"4,897","4,996","5,137"
Prince Edward Island,International undergraduate,"20,987","20,681","20,138"
Prince Edward Island,International graduate,"12,048","10,078","10,462"
Nova Scotia,Canadian undergraduate,"8,086","8,478","8,746"
Nova Scotia,Canadian graduate,"9,179","9,500","9,854"
Nova Scotia,International undergraduate,"17,719","18,621","19,531"
Nova Scotia,International graduate,"19,281","20,604","21,995"
New Brunswick,Canadian undergraduate,"7,108","7,595","7,740"
New Brunswick,Canadian graduate,"6,262","6,424","6,678"
New Brunswick,International undergraduate,"14,657","16,152","15,713"
New Brunswick,International graduate,"11,642","12,002","12,654"
Quebec,Canadian undergraduate,"2,956","3,060","3,152"
Quebec,Canadian graduate,"3,060","3,254","3,314"
Quebec,International undergraduate,"22,618","24,275","26,054"
Quebec,International graduate,"15,324","16,466","17,710"
Ontario,Canadian undergraduate,"8,793","7,931","7,938"
Ontario,Canadian graduate,"10,454","9,601","9,739"
Ontario,International undergraduate,"35,029","38,108","40,525"
Ontario,International graduate,"22,527","23,828","25,521"
Manitoba,Canadian undergraduate,"4,462","4,695","4,901"
Manitoba,Canadian graduate,"4,776","5,069","5,220"
Manitoba,International undergraduate,"15,546","16,179","17,055"
Manitoba,International graduate,"10,582","11,143","11,473"
Saskatchewan,Canadian undergraduate,"7,511","7,798","8,235"
Saskatchewan,Canadian graduate,"4,290","4,346","4,370"
Saskatchewan,International undergraduate,"20,167","20,607","20,545"
Saskatchewan,International graduate,"6,280","6,496","6,535"
Alberta,Canadian undergraduate,"5,713","5,692","6,111"
Alberta,Canadian graduate,"6,248","6,749","6,673"
Alberta,International undergraduate,"21,491","21,884","27,188"
Alberta,International graduate,"13,415","11,295","14,851"
British Columbia,Canadian undergraduate,"5,806","5,936","5,990"
British Columbia,Canadian graduate,"8,831","9,047","9,579"
British Columbia,International undergraduate,"25,717","27,281","28,342"
British Columbia,International graduate,"17,243","19,159","19,811"
